circuitId,circuitRef,name,location,country,lat,lng,alt,AllYears
1,albert_park,Albert Park Grand Prix Circuit,Melbourne,Australia,-37.8497,144.968,10,1996
1,albert_park,Albert Park Grand Prix Circuit,Melbourne,Australia,-37.8497,144.968,10,1997
1,albert_park,Albert Park Grand Prix Circuit,Melbourne,Australia,-37.8497,144.968,10,1998
1,albert_park,Albert Park Grand Prix Circuit,Melbourne,Australia,-37.8497,144.968,10,1999
1,albert_park,Albert Park Grand Prix Circuit,Melbourne,Australia,-37.8497,144.968,10,2000
1,albert_park,Albert Park Grand Prix Circuit,Melbourne,Australia,-37.8497,144.968,10,2001
1,albert_park,Albert Park Grand Prix Circuit,Melbourne,Australia,-37.8497,144.968,10,2002
1,albert_park,Albert Park Grand Prix Circuit,Melbourne,Australia,-37.8497,144.968,10,2003
1,albert_park,Albert Park Grand Prix Circuit,Melbourne,Australia,-37.8497,144.968,10,2004
1,albert_park,Albert Park Grand Prix Circuit,Melbourne,Australia,-37.8497,144.968,10,2005
1,albert_park,Albert Park Grand Prix Circuit,Melbourne,Australia,-37.8497,144.968,10,2006
1,albert_park,Albert Park Grand Prix Circuit,Melbourne,Australia,-37.8497,144.968,10,2007
1,albert_park,Albert Park Grand Prix Circuit,Melbourne,Australia,-37.8497,144.968,10,2008
1,albert_park,Albert Park Grand Prix Circuit,Melbourne,Australia,-37.8497,144.968,10,2009
1,albert_park,Albert Park Grand Prix Circuit,Melbourne,Australia,-37.8497,144.968,10,2010
1,albert_park,Albert Park Grand Prix Circuit,Melbourne,Australia,-37.8497,144.968,10,2011
1,albert_park,Albert Park Grand Prix Circuit,Melbourne,Australia,-37.8497,144.968,10,2012
1,albert_park,Albert Park Grand Prix Circuit,Melbourne,Australia,-37.8497,144.968,10,2013
1,albert_park,Albert Park Grand Prix Circuit,Melbourne,Australia,-37.8497,144.968,10,2014
1,albert_park,Albert Park Grand Prix Circuit,Melbourne,Australia,-37.8497,144.968,10,2015
1,albert_park,Albert Park Grand Prix Circuit,Melbourne,Australia,-37.8497,144.968,10,2016
1,albert_park,Albert Park Grand Prix Circuit,Melbourne,Australia,-37.8497,144.968,10,2017
1,albert_park,Albert Park Grand Prix Circuit,Melbourne,Australia,-37.8497,144.968,10,2018
1,albert_park,Albert Park Grand Prix Circuit,Melbourne,Australia,-37.8497,144.968,10,2019
1,albert_park,Albert Park Grand Prix Circuit,Melbourne,Australia,-37.8497,144.968,10,2022
1,albert_park,Albert Park Grand Prix Circuit,Melbourne,Australia,-37.8497,144.968,10,2023
2,sepang,Sepang International Circuit,Kuala Lumpur,Malaysia,2.76083,101.738,18,1999
2,sepang,Sepang International Circuit,Kuala Lumpur,Malaysia,2.76083,101.738,18,2000
2,sepang,Sepang International Circuit,Kuala Lumpur,Malaysia,2.76083,101.738,18,2001
2,sepang,Sepang International Circuit,Kuala Lumpur,Malaysia,2.76083,101.738,18,2002
2,sepang,Sepang International Circuit,Kuala Lumpur,Malaysia,2.76083,101.738,18,2003
2,sepang,Sepang International Circuit,Kuala Lumpur,Malaysia,2.76083,101.738,18,2004
2,sepang,Sepang International Circuit,Kuala Lumpur,Malaysia,2.76083,101.738,18,2005
2,sepang,Sepang International Circuit,Kuala Lumpur,Malaysia,2.76083,101.738,18,2006
2,sepang,Sepang International Circuit,Kuala Lumpur,Malaysia,2.76083,101.738,18,2007
2,sepang,Sepang International Circuit,Kuala Lumpur,Malaysia,2.76083,101.738,18,2008
2,sepang,Sepang International Circuit,Kuala Lumpur,Malaysia,2.76083,101.738,18,2009
2,sepang,Sepang International Circuit,Kuala Lumpur,Malaysia,2.76083,101.738,18,2010
2,sepang,Sepang International Circuit,Kuala Lumpur,Malaysia,2.76083,101.738,18,2011
2,sepang,Sepang International Circuit,Kuala Lumpur,Malaysia,2.76083,101.738,18,2012
2,sepang,Sepang International Circuit,Kuala Lumpur,Malaysia,2.76083,101.738,18,2013
2,sepang,Sepang International Circuit,Kuala Lumpur,Malaysia,2.76083,101.738,18,2014
2,sepang,Sepang International Circuit,Kuala Lumpur,Malaysia,2.76083,101.738,18,2015
2,sepang,Sepang International Circuit,Kuala Lumpur,Malaysia,2.76083,101.738,18,2016
2,sepang,Sepang International Circuit,Kuala Lumpur,Malaysia,2.76083,101.738,18,2017
3,bahrain,Bahrain International Circuit,Sakhir,Bahrain,26.0325,50.5106,7,2004
3,bahrain,Bahrain International Circuit,Sakhir,Bahrain,26.0325,50.5106,7,2005
3,bahrain,Bahrain International Circuit,Sakhir,Bahrain,26.0325,50.5106,7,2006
3,bahrain,Bahrain International Circuit,Sakhir,Bahrain,26.0325,50.5106,7,2007
3,bahrain,Bahrain International Circuit,Sakhir,Bahrain,26.0325,50.5106,7,2008
3,bahrain,Bahrain International Circuit,Sakhir,Bahrain,26.0325,50.5106,7,2009
3,bahrain,Bahrain International Circuit,Sakhir,Bahrain,26.0325,50.5106,7,2010
3,bahrain,Bahrain International Circuit,Sakhir,Bahrain,26.0325,50.5106,7,2012
3,bahrain,Bahrain International Circuit,Sakhir,Bahrain,26.0325,50.5106,7,2013
3,bahrain,Bahrain International Circuit,Sakhir,Bahrain,26.0325,50.5106,7,2014
3,bahrain,Bahrain International Circuit,Sakhir,Bahrain,26.0325,50.5106,7,2015
3,bahrain,Bahrain International Circuit,Sakhir,Bahrain,26.0325,50.5106,7,2016
3,bahrain,Bahrain International Circuit,Sakhir,Bahrain,26.0325,50.5106,7,2017
3,bahrain,Bahrain International Circuit,Sakhir,Bahrain,26.0325,50.5106,7,2018
3,bahrain,Bahrain International Circuit,Sakhir,Bahrain,26.0325,50.5106,7,2019
3,bahrain,Bahrain International Circuit,Sakhir,Bahrain,26.0325,50.5106,7,2020
3,bahrain,Bahrain International Circuit,Sakhir,Bahrain,26.0325,50.5106,7,2021
3,bahrain,Bahrain International Circuit,Sakhir,Bahrain,26.0325,50.5106,7,2022
3,bahrain,Bahrain International Circuit,Sakhir,Bahrain,26.0325,50.5106,7,2023
4,catalunya,Circuit de Barcelona-Catalunya,Montmeló,Spain,41.57,2.26111,109,1991
4,catalunya,Circuit de Barcelona-Catalunya,Montmeló,Spain,41.57,2.26111,109,1992
4,catalunya,Circuit de Barcelona-Catalunya,Montmeló,Spain,41.57,2.26111,109,1993
4,catalunya,Circuit de Barcelona-Catalunya,Montmeló,Spain,41.57,2.26111,109,1994
4,catalunya,Circuit de Barcelona-Catalunya,Montmeló,Spain,41.57,2.26111,109,1995
4,catalunya,Circuit de Barcelona-Catalunya,Montmeló,Spain,41.57,2.26111,109,1996
4,catalunya,Circuit de Barcelona-Catalunya,Montmeló,Spain,41.57,2.26111,109,1997
4,catalunya,Circuit de Barcelona-Catalunya,Montmeló,Spain,41.57,2.26111,109,1998
4,catalunya,Circuit de Barcelona-Catalunya,Montmeló,Spain,41.57,2.26111,109,1999
4,catalunya,Circuit de Barcelona-Catalunya,Montmeló,Spain,41.57,2.26111,109,2000
4,catalunya,Circuit de Barcelona-Catalunya,Montmeló,Spain,41.57,2.26111,109,2001
4,catalunya,Circuit de Barcelona-Catalunya,Montmeló,Spain,41.57,2.26111,109,2002
4,catalunya,Circuit de Barcelona-Catalunya,Montmeló,Spain,41.57,2.26111,109,2003
4,catalunya,Circuit de Barcelona-Catalunya,Montmeló,Spain,41.57,2.26111,109,2004
4,catalunya,Circuit de Barcelona-Catalunya,Montmeló,Spain,41.57,2.26111,109,2005
4,catalunya,Circuit de Barcelona-Catalunya,Montmeló,Spain,41.57,2.26111,109,2006
4,catalunya,Circuit de Barcelona-Catalunya,Montmeló,Spain,41.57,2.26111,109,2007
4,catalunya,Circuit de Barcelona-Catalunya,Montmeló,Spain,41.57,2.26111,109,2008
4,catalunya,Circuit de Barcelona-Catalunya,Montmeló,Spain,41.57,2.26111,109,2009
4,catalunya,Circuit de Barcelona-Catalunya,Montmeló,Spain,41.57,2.26111,109,2010
4,catalunya,Circuit de Barcelona-Catalunya,Montmeló,Spain,41.57,2.26111,109,2011
4,catalunya,Circuit de Barcelona-Catalunya,Montmeló,Spain,41.57,2.26111,109,2012
4,catalunya,Circuit de Barcelona-Catalunya,Montmeló,Spain,41.57,2.26111,109,2013
4,catalunya,Circuit de Barcelona-Catalunya,Montmeló,Spain,41.57,2.26111,109,2014
4,catalunya,Circuit de Barcelona-Catalunya,Montmeló,Spain,41.57,2.26111,109,2015
4,catalunya,Circuit de Barcelona-Catalunya,Montmeló,Spain,41.57,2.26111,109,2016
4,catalunya,Circuit de Barcelona-Catalunya,Montmeló,Spain,41.57,2.26111,109,2017
4,catalunya,Circuit de Barcelona-Catalunya,Montmeló,Spain,41.57,2.26111,109,2018
4,catalunya,Circuit de Barcelona-Catalunya,Montmeló,Spain,41.57,2.26111,109,2019
4,catalunya,Circuit de Barcelona-Catalunya,Montmeló,Spain,41.57,2.26111,109,2020
4,catalunya,Circuit de Barcelona-Catalunya,Montmeló,Spain,41.57,2.26111,109,2021
4,catalunya,Circuit de Barcelona-Catalunya,Montmeló,Spain,41.57,2.26111,109,2022
4,catalunya,Circuit de Barcelona-Catalunya,Montmeló,Spain,41.57,2.26111,109,2023
5,istanbul,Istanbul Park,Istanbul,Turkey,40.9517,29.405,130,2005
5,istanbul,Istanbul Park,Istanbul,Turkey,40.9517,29.405,130,2006
5,istanbul,Istanbul Park,Istanbul,Turkey,40.9517,29.405,130,2007
5,istanbul,Istanbul Park,Istanbul,Turkey,40.9517,29.405,130,2008
5,istanbul,Istanbul Park,Istanbul,Turkey,40.9517,29.405,130,2009
5,istanbul,Istanbul Park,Istanbul,Turkey,40.9517,29.405,130,2010
5,istanbul,Istanbul Park,Istanbul,Turkey,40.9517,29.405,130,2011
5,istanbul,Istanbul Park,Istanbul,Turkey,40.9517,29.405,130,2020
5,istanbul,Istanbul Park,Istanbul,Turkey,40.9517,29.405,130,2019
5,istanbul,Istanbul Park,Istanbul,Turkey,40.9517,29.405,130,2018
5,istanbul,Istanbul Park,Istanbul,Turkey,40.9517,29.405,130,2017
5,istanbul,Istanbul Park,Istanbul,Turkey,40.9517,29.405,130,2016
5,istanbul,Istanbul Park,Istanbul,Turkey,40.9517,29.405,130,2015
5,istanbul,Istanbul Park,Istanbul,Turkey,40.9517,29.405,130,2014
5,istanbul,Istanbul Park,Istanbul,Turkey,40.9517,29.405,130,2013
5,istanbul,Istanbul Park,Istanbul,Turkey,40.9517,29.405,130,2012
5,istanbul,Istanbul Park,Istanbul,Turkey,40.9517,29.405,130,2004
5,istanbul,Istanbul Park,Istanbul,Turkey,40.9517,29.405,130,2003
5,istanbul,Istanbul Park,Istanbul,Turkey,40.9517,29.405,130,2002
5,istanbul,Istanbul Park,Istanbul,Turkey,40.9517,29.405,130,2001
5,istanbul,Istanbul Park,Istanbul,Turkey,40.9517,29.405,130,2000
5,istanbul,Istanbul Park,Istanbul,Turkey,40.9517,29.405,130,1999
5,istanbul,Istanbul Park,Istanbul,Turkey,40.9517,29.405,130,1998
5,istanbul,Istanbul Park,Istanbul,Turkey,40.9517,29.405,130,1997
5,istanbul,Istanbul Park,Istanbul,Turkey,40.9517,29.405,130,1996
5,istanbul,Istanbul Park,Istanbul,Turkey,40.9517,29.405,130,1995
5,istanbul,Istanbul Park,Istanbul,Turkey,40.9517,29.405,130,1994
5,istanbul,Istanbul Park,Istanbul,Turkey,40.9517,29.405,130,1993
5,istanbul,Istanbul Park,Istanbul,Turkey,40.9517,29.405,130,1992
5,istanbul,Istanbul Park,Istanbul,Turkey,40.9517,29.405,130,1991
5,istanbul,Istanbul Park,Istanbul,Turkey,40.9517,29.405,130,1990
5,istanbul,Istanbul Park,Istanbul,Turkey,40.9517,29.405,130,1989
5,istanbul,Istanbul Park,Istanbul,Turkey,40.9517,29.405,130,1988
5,istanbul,Istanbul Park,Istanbul,Turkey,40.9517,29.405,130,1987
5,istanbul,Istanbul Park,Istanbul,Turkey,40.9517,29.405,130,1986
5,istanbul,Istanbul Park,Istanbul,Turkey,40.9517,29.405,130,1985
5,istanbul,Istanbul Park,Istanbul,Turkey,40.9517,29.405,130,1984
5,istanbul,Istanbul Park,Istanbul,Turkey,40.9517,29.405,130,1983
5,istanbul,Istanbul Park,Istanbul,Turkey,40.9517,29.405,130,1982
5,istanbul,Istanbul Park,Istanbul,Turkey,40.9517,29.405,130,1981
5,istanbul,Istanbul Park,Istanbul,Turkey,40.9517,29.405,130,1980
5,istanbul,Istanbul Park,Istanbul,Turkey,40.9517,29.405,130,1979
5,istanbul,Istanbul Park,Istanbul,Turkey,40.9517,29.405,130,1978
5,istanbul,Istanbul Park,Istanbul,Turkey,40.9517,29.405,130,1977
5,istanbul,Istanbul Park,Istanbul,Turkey,40.9517,29.405,130,1976
5,istanbul,Istanbul Park,Istanbul,Turkey,40.9517,29.405,130,1975
5,istanbul,Istanbul Park,Istanbul,Turkey,40.9517,29.405,130,1974
5,istanbul,Istanbul Park,Istanbul,Turkey,40.9517,29.405,130,1973
5,istanbul,Istanbul Park,Istanbul,Turkey,40.9517,29.405,130,1972
5,istanbul,Istanbul Park,Istanbul,Turkey,40.9517,29.405,130,1971
5,istanbul,Istanbul Park,Istanbul,Turkey,40.9517,29.405,130,1970
5,istanbul,Istanbul Park,Istanbul,Turkey,40.9517,29.405,130,1969
5,istanbul,Istanbul Park,Istanbul,Turkey,40.9517,29.405,130,1968
5,istanbul,Istanbul Park,Istanbul,Turkey,40.9517,29.405,130,1967
5,istanbul,Istanbul Park,Istanbul,Turkey,40.9517,29.405,130,1966
5,istanbul,Istanbul Park,Istanbul,Turkey,40.9517,29.405,130,1965
5,istanbul,Istanbul Park,Istanbul,Turkey,40.9517,29.405,130,1964
5,istanbul,Istanbul Park,Istanbul,Turkey,40.9517,29.405,130,1963
5,istanbul,Istanbul Park,Istanbul,Turkey,40.9517,29.405,130,1962
5,istanbul,Istanbul Park,Istanbul,Turkey,40.9517,29.405,130,1961
5,istanbul,Istanbul Park,Istanbul,Turkey,40.9517,29.405,130,1960
5,istanbul,Istanbul Park,Istanbul,Turkey,40.9517,29.405,130,1959
5,istanbul,Istanbul Park,Istanbul,Turkey,40.9517,29.405,130,1958
5,istanbul,Istanbul Park,Istanbul,Turkey,40.9517,29.405,130,1957
5,istanbul,Istanbul Park,Istanbul,Turkey,40.9517,29.405,130,1956
5,istanbul,Istanbul Park,Istanbul,Turkey,40.9517,29.405,130,1955
5,istanbul,Istanbul Park,Istanbul,Turkey,40.9517,29.405,130,1954
5,istanbul,Istanbul Park,Istanbul,Turkey,40.9517,29.405,130,1953
5,istanbul,Istanbul Park,Istanbul,Turkey,40.9517,29.405,130,1952
5,istanbul,Istanbul Park,Istanbul,Turkey,40.9517,29.405,130,1951
5,istanbul,Istanbul Park,Istanbul,Turkey,40.9517,29.405,130,1950
6,monaco,Circuit de Monaco,Monte-Carlo,Monaco,43.7347,7.42056,7,1950
6,monaco,Circuit de Monaco,Monte-Carlo,Monaco,43.7347,7.42056,7,1955
6,monaco,Circuit de Monaco,Monte-Carlo,Monaco,43.7347,7.42056,7,1956
6,monaco,Circuit de Monaco,Monte-Carlo,Monaco,43.7347,7.42056,7,1957
6,monaco,Circuit de Monaco,Monte-Carlo,Monaco,43.7347,7.42056,7,1958
6,monaco,Circuit de Monaco,Monte-Carlo,Monaco,43.7347,7.42056,7,1959
6,monaco,Circuit de Monaco,Monte-Carlo,Monaco,43.7347,7.42056,7,1960
6,monaco,Circuit de Monaco,Monte-Carlo,Monaco,43.7347,7.42056,7,1961
6,monaco,Circuit de Monaco,Monte-Carlo,Monaco,43.7347,7.42056,7,1962
6,monaco,Circuit de Monaco,Monte-Carlo,Monaco,43.7347,7.42056,7,1963
6,monaco,Circuit de Monaco,Monte-Carlo,Monaco,43.7347,7.42056,7,1964
6,monaco,Circuit de Monaco,Monte-Carlo,Monaco,43.7347,7.42056,7,1965
6,monaco,Circuit de Monaco,Monte-Carlo,Monaco,43.7347,7.42056,7,1966
6,monaco,Circuit de Monaco,Monte-Carlo,Monaco,43.7347,7.42056,7,1967
6,monaco,Circuit de Monaco,Monte-Carlo,Monaco,43.7347,7.42056,7,1968
6,monaco,Circuit de Monaco,Monte-Carlo,Monaco,43.7347,7.42056,7,1969
6,monaco,Circuit de Monaco,Monte-Carlo,Monaco,43.7347,7.42056,7,1970
6,monaco,Circuit de Monaco,Monte-Carlo,Monaco,43.7347,7.42056,7,1971
6,monaco,Circuit de Monaco,Monte-Carlo,Monaco,43.7347,7.42056,7,1972
6,monaco,Circuit de Monaco,Monte-Carlo,Monaco,43.7347,7.42056,7,1973
6,monaco,Circuit de Monaco,Monte-Carlo,Monaco,43.7347,7.42056,7,1974
6,monaco,Circuit de Monaco,Monte-Carlo,Monaco,43.7347,7.42056,7,1975
6,monaco,Circuit de Monaco,Monte-Carlo,Monaco,43.7347,7.42056,7,1976
6,monaco,Circuit de Monaco,Monte-Carlo,Monaco,43.7347,7.42056,7,1977
6,monaco,Circuit de Monaco,Monte-Carlo,Monaco,43.7347,7.42056,7,1978
6,monaco,Circuit de Monaco,Monte-Carlo,Monaco,43.7347,7.42056,7,1979
6,monaco,Circuit de Monaco,Monte-Carlo,Monaco,43.7347,7.42056,7,1980
6,monaco,Circuit de Monaco,Monte-Carlo,Monaco,43.7347,7.42056,7,1981
6,monaco,Circuit de Monaco,Monte-Carlo,Monaco,43.7347,7.42056,7,1982
6,monaco,Circuit de Monaco,Monte-Carlo,Monaco,43.7347,7.42056,7,1983
6,monaco,Circuit de Monaco,Monte-Carlo,Monaco,43.7347,7.42056,7,1984
6,monaco,Circuit de Monaco,Monte-Carlo,Monaco,43.7347,7.42056,7,1985
6,monaco,Circuit de Monaco,Monte-Carlo,Monaco,43.7347,7.42056,7,1986
6,monaco,Circuit de Monaco,Monte-Carlo,Monaco,43.7347,7.42056,7,1987
6,monaco,Circuit de Monaco,Monte-Carlo,Monaco,43.7347,7.42056,7,1988
6,monaco,Circuit de Monaco,Monte-Carlo,Monaco,43.7347,7.42056,7,1989
6,monaco,Circuit de Monaco,Monte-Carlo,Monaco,43.7347,7.42056,7,1990
6,monaco,Circuit de Monaco,Monte-Carlo,Monaco,43.7347,7.42056,7,1991
6,monaco,Circuit de Monaco,Monte-Carlo,Monaco,43.7347,7.42056,7,1992
6,monaco,Circuit de Monaco,Monte-Carlo,Monaco,43.7347,7.42056,7,1993
6,monaco,Circuit de Monaco,Monte-Carlo,Monaco,43.7347,7.42056,7,1994
6,monaco,Circuit de Monaco,Monte-Carlo,Monaco,43.7347,7.42056,7,1995
6,monaco,Circuit de Monaco,Monte-Carlo,Monaco,43.7347,7.42056,7,1996
6,monaco,Circuit de Monaco,Monte-Carlo,Monaco,43.7347,7.42056,7,1997
6,monaco,Circuit de Monaco,Monte-Carlo,Monaco,43.7347,7.42056,7,1998
6,monaco,Circuit de Monaco,Monte-Carlo,Monaco,43.7347,7.42056,7,1999
6,monaco,Circuit de Monaco,Monte-Carlo,Monaco,43.7347,7.42056,7,2000
6,monaco,Circuit de Monaco,Monte-Carlo,Monaco,43.7347,7.42056,7,2001
6,monaco,Circuit de Monaco,Monte-Carlo,Monaco,43.7347,7.42056,7,2002
6,monaco,Circuit de Monaco,Monte-Carlo,Monaco,43.7347,7.42056,7,2003
6,monaco,Circuit de Monaco,Monte-Carlo,Monaco,43.7347,7.42056,7,2004
6,monaco,Circuit de Monaco,Monte-Carlo,Monaco,43.7347,7.42056,7,2005
6,monaco,Circuit de Monaco,Monte-Carlo,Monaco,43.7347,7.42056,7,2006
6,monaco,Circuit de Monaco,Monte-Carlo,Monaco,43.7347,7.42056,7,2007
6,monaco,Circuit de Monaco,Monte-Carlo,Monaco,43.7347,7.42056,7,2008
6,monaco,Circuit de Monaco,Monte-Carlo,Monaco,43.7347,7.42056,7,2009
6,monaco,Circuit de Monaco,Monte-Carlo,Monaco,43.7347,7.42056,7,2010
6,monaco,Circuit de Monaco,Monte-Carlo,Monaco,43.7347,7.42056,7,2011
6,monaco,Circuit de Monaco,Monte-Carlo,Monaco,43.7347,7.42056,7,2012
6,monaco,Circuit de Monaco,Monte-Carlo,Monaco,43.7347,7.42056,7,2013
6,monaco,Circuit de Monaco,Monte-Carlo,Monaco,43.7347,7.42056,7,2014
6,monaco,Circuit de Monaco,Monte-Carlo,Monaco,43.7347,7.42056,7,2015
6,monaco,Circuit de Monaco,Monte-Carlo,Monaco,43.7347,7.42056,7,2016
6,monaco,Circuit de Monaco,Monte-Carlo,Monaco,43.7347,7.42056,7,2017
6,monaco,Circuit de Monaco,Monte-Carlo,Monaco,43.7347,7.42056,7,2018
6,monaco,Circuit de Monaco,Monte-Carlo,Monaco,43.7347,7.42056,7,2019
6,monaco,Circuit de Monaco,Monte-Carlo,Monaco,43.7347,7.42056,7,2021
6,monaco,Circuit de Monaco,Monte-Carlo,Monaco,43.7347,7.42056,7,2022
6,monaco,Circuit de Monaco,Monte-Carlo,Monaco,43.7347,7.42056,7,2023
7,villeneuve,Circuit Gilles Villeneuve,Montreal,Canada,45.5,-73.5228,13,1978
7,villeneuve,Circuit Gilles Villeneuve,Montreal,Canada,45.5,-73.5228,13,1979
7,villeneuve,Circuit Gilles Villeneuve,Montreal,Canada,45.5,-73.5228,13,1980
7,villeneuve,Circuit Gilles Villeneuve,Montreal,Canada,45.5,-73.5228,13,1981
7,villeneuve,Circuit Gilles Villeneuve,Montreal,Canada,45.5,-73.5228,13,1982
7,villeneuve,Circuit Gilles Villeneuve,Montreal,Canada,45.5,-73.5228,13,1983
7,villeneuve,Circuit Gilles Villeneuve,Montreal,Canada,45.5,-73.5228,13,1984
7,villeneuve,Circuit Gilles Villeneuve,Montreal,Canada,45.5,-73.5228,13,1985
7,villeneuve,Circuit Gilles Villeneuve,Montreal,Canada,45.5,-73.5228,13,1986
7,villeneuve,Circuit Gilles Villeneuve,Montreal,Canada,45.5,-73.5228,13,1987
7,villeneuve,Circuit Gilles Villeneuve,Montreal,Canada,45.5,-73.5228,13,1988
7,villeneuve,Circuit Gilles Villeneuve,Montreal,Canada,45.5,-73.5228,13,1989
7,villeneuve,Circuit Gilles Villeneuve,Montreal,Canada,45.5,-73.5228,13,1990
7,villeneuve,Circuit Gilles Villeneuve,Montreal,Canada,45.5,-73.5228,13,1991
7,villeneuve,Circuit Gilles Villeneuve,Montreal,Canada,45.5,-73.5228,13,1992
7,villeneuve,Circuit Gilles Villeneuve,Montreal,Canada,45.5,-73.5228,13,1993
7,villeneuve,Circuit Gilles Villeneuve,Montreal,Canada,45.5,-73.5228,13,1994
7,villeneuve,Circuit Gilles Villeneuve,Montreal,Canada,45.5,-73.5228,13,1995
7,villeneuve,Circuit Gilles Villeneuve,Montreal,Canada,45.5,-73.5228,13,1996
7,villeneuve,Circuit Gilles Villeneuve,Montreal,Canada,45.5,-73.5228,13,1997
7,villeneuve,Circuit Gilles Villeneuve,Montreal,Canada,45.5,-73.5228,13,1998
7,villeneuve,Circuit Gilles Villeneuve,Montreal,Canada,45.5,-73.5228,13,1999
7,villeneuve,Circuit Gilles Villeneuve,Montreal,Canada,45.5,-73.5228,13,2000
7,villeneuve,Circuit Gilles Villeneuve,Montreal,Canada,45.5,-73.5228,13,2001
7,villeneuve,Circuit Gilles Villeneuve,Montreal,Canada,45.5,-73.5228,13,2002
7,villeneuve,Circuit Gilles Villeneuve,Montreal,Canada,45.5,-73.5228,13,2003
7,villeneuve,Circuit Gilles Villeneuve,Montreal,Canada,45.5,-73.5228,13,2004
7,villeneuve,Circuit Gilles Villeneuve,Montreal,Canada,45.5,-73.5228,13,2005
7,villeneuve,Circuit Gilles Villeneuve,Montreal,Canada,45.5,-73.5228,13,2006
7,villeneuve,Circuit Gilles Villeneuve,Montreal,Canada,45.5,-73.5228,13,2007
7,villeneuve,Circuit Gilles Villeneuve,Montreal,Canada,45.5,-73.5228,13,2008
7,villeneuve,Circuit Gilles Villeneuve,Montreal,Canada,45.5,-73.5228,13,2009
7,villeneuve,Circuit Gilles Villeneuve,Montreal,Canada,45.5,-73.5228,13,2010
7,villeneuve,Circuit Gilles Villeneuve,Montreal,Canada,45.5,-73.5228,13,2011
7,villeneuve,Circuit Gilles Villeneuve,Montreal,Canada,45.5,-73.5228,13,2012
7,villeneuve,Circuit Gilles Villeneuve,Montreal,Canada,45.5,-73.5228,13,2013
7,villeneuve,Circuit Gilles Villeneuve,Montreal,Canada,45.5,-73.5228,13,2014
7,villeneuve,Circuit Gilles Villeneuve,Montreal,Canada,45.5,-73.5228,13,2015
7,villeneuve,Circuit Gilles Villeneuve,Montreal,Canada,45.5,-73.5228,13,2016
7,villeneuve,Circuit Gilles Villeneuve,Montreal,Canada,45.5,-73.5228,13,2017
7,villeneuve,Circuit Gilles Villeneuve,Montreal,Canada,45.5,-73.5228,13,2018
7,villeneuve,Circuit Gilles Villeneuve,Montreal,Canada,45.5,-73.5228,13,2019
7,villeneuve,Circuit Gilles Villeneuve,Montreal,Canada,45.5,-73.5228,13,2022
7,villeneuve,Circuit Gilles Villeneuve,Montreal,Canada,45.5,-73.5228,13,2023
8,magny_cours,Circuit de Nevers Magny-Cours,Magny Cours,France,46.8642,3.16361,228,1991
8,magny_cours,Circuit de Nevers Magny-Cours,Magny Cours,France,46.8642,3.16361,228,1992
8,magny_cours,Circuit de Nevers Magny-Cours,Magny Cours,France,46.8642,3.16361,228,1993
8,magny_cours,Circuit de Nevers Magny-Cours,Magny Cours,France,46.8642,3.16361,228,1994
8,magny_cours,Circuit de Nevers Magny-Cours,Magny Cours,France,46.8642,3.16361,228,1995
8,magny_cours,Circuit de Nevers Magny-Cours,Magny Cours,France,46.8642,3.16361,228,1996
8,magny_cours,Circuit de Nevers Magny-Cours,Magny Cours,France,46.8642,3.16361,228,1997
8,magny_cours,Circuit de Nevers Magny-Cours,Magny Cours,France,46.8642,3.16361,228,1998
8,magny_cours,Circuit de Nevers Magny-Cours,Magny Cours,France,46.8642,3.16361,228,1999
8,magny_cours,Circuit de Nevers Magny-Cours,Magny Cours,France,46.8642,3.16361,228,2000
8,magny_cours,Circuit de Nevers Magny-Cours,Magny Cours,France,46.8642,3.16361,228,2001
8,magny_cours,Circuit de Nevers Magny-Cours,Magny Cours,France,46.8642,3.16361,228,2002
8,magny_cours,Circuit de Nevers Magny-Cours,Magny Cours,France,46.8642,3.16361,228,2003
8,magny_cours,Circuit de Nevers Magny-Cours,Magny Cours,France,46.8642,3.16361,228,2004
8,magny_cours,Circuit de Nevers Magny-Cours,Magny Cours,France,46.8642,3.16361,228,2005
8,magny_cours,Circuit de Nevers Magny-Cours,Magny Cours,France,46.8642,3.16361,228,2006
8,magny_cours,Circuit de Nevers Magny-Cours,Magny Cours,France,46.8642,3.16361,228,2007
8,magny_cours,Circuit de Nevers Magny-Cours,Magny Cours,France,46.8642,3.16361,228,2008
9,silverstone,Silverstone Circuit,Silverstone,UK,52.0786,-1.01694,153,1950
9,silverstone,Silverstone Circuit,Silverstone,UK,52.0786,-1.01694,153,1951
9,silverstone,Silverstone Circuit,Silverstone,UK,52.0786,-1.01694,153,1952
9,silverstone,Silverstone Circuit,Silverstone,UK,52.0786,-1.01694,153,1953
9,silverstone,Silverstone Circuit,Silverstone,UK,52.0786,-1.01694,153,1954
9,silverstone,Silverstone Circuit,Silverstone,UK,52.0786,-1.01694,153,1955
9,silverstone,Silverstone Circuit,Silverstone,UK,52.0786,-1.01694,153,1956
9,silverstone,Silverstone Circuit,Silverstone,UK,52.0786,-1.01694,153,1957
9,silverstone,Silverstone Circuit,Silverstone,UK,52.0786,-1.01694,153,1958
9,silverstone,Silverstone Circuit,Silverstone,UK,52.0786,-1.01694,153,1959
9,silverstone,Silverstone Circuit,Silverstone,UK,52.0786,-1.01694,153,1960
9,silverstone,Silverstone Circuit,Silverstone,UK,52.0786,-1.01694,153,1961
9,silverstone,Silverstone Circuit,Silverstone,UK,52.0786,-1.01694,153,1962
9,silverstone,Silverstone Circuit,Silverstone,UK,52.0786,-1.01694,153,1963
9,silverstone,Silverstone Circuit,Silverstone,UK,52.0786,-1.01694,153,1964
9,silverstone,Silverstone Circuit,Silverstone,UK,52.0786,-1.01694,153,1965
9,silverstone,Silverstone Circuit,Silverstone,UK,52.0786,-1.01694,153,1966
9,silverstone,Silverstone Circuit,Silverstone,UK,52.0786,-1.01694,153,1967
9,silverstone,Silverstone Circuit,Silverstone,UK,52.0786,-1.01694,153,1968
9,silverstone,Silverstone Circuit,Silverstone,UK,52.0786,-1.01694,153,1969
9,silverstone,Silverstone Circuit,Silverstone,UK,52.0786,-1.01694,153,1970
9,silverstone,Silverstone Circuit,Silverstone,UK,52.0786,-1.01694,153,1971
9,silverstone,Silverstone Circuit,Silverstone,UK,52.0786,-1.01694,153,1972
9,silverstone,Silverstone Circuit,Silverstone,UK,52.0786,-1.01694,153,1973
9,silverstone,Silverstone Circuit,Silverstone,UK,52.0786,-1.01694,153,1974
9,silverstone,Silverstone Circuit,Silverstone,UK,52.0786,-1.01694,153,1975
9,silverstone,Silverstone Circuit,Silverstone,UK,52.0786,-1.01694,153,1976
9,silverstone,Silverstone Circuit,Silverstone,UK,52.0786,-1.01694,153,1977
9,silverstone,Silverstone Circuit,Silverstone,UK,52.0786,-1.01694,153,1978
9,silverstone,Silverstone Circuit,Silverstone,UK,52.0786,-1.01694,153,1979
9,silverstone,Silverstone Circuit,Silverstone,UK,52.0786,-1.01694,153,1980
9,silverstone,Silverstone Circuit,Silverstone,UK,52.0786,-1.01694,153,1981
9,silverstone,Silverstone Circuit,Silverstone,UK,52.0786,-1.01694,153,1982
9,silverstone,Silverstone Circuit,Silverstone,UK,52.0786,-1.01694,153,1983
9,silverstone,Silverstone Circuit,Silverstone,UK,52.0786,-1.01694,153,1984
9,silverstone,Silverstone Circuit,Silverstone,UK,52.0786,-1.01694,153,1985
9,silverstone,Silverstone Circuit,Silverstone,UK,52.0786,-1.01694,153,1986
9,silverstone,Silverstone Circuit,Silverstone,UK,52.0786,-1.01694,153,1987
9,silverstone,Silverstone Circuit,Silverstone,UK,52.0786,-1.01694,153,1988
9,silverstone,Silverstone Circuit,Silverstone,UK,52.0786,-1.01694,153,1989
9,silverstone,Silverstone Circuit,Silverstone,UK,52.0786,-1.01694,153,1990
9,silverstone,Silverstone Circuit,Silverstone,UK,52.0786,-1.01694,153,1991
9,silverstone,Silverstone Circuit,Silverstone,UK,52.0786,-1.01694,153,1992
9,silverstone,Silverstone Circuit,Silverstone,UK,52.0786,-1.01694,153,1993
9,silverstone,Silverstone Circuit,Silverstone,UK,52.0786,-1.01694,153,1994
9,silverstone,Silverstone Circuit,Silverstone,UK,52.0786,-1.01694,153,1995
9,silverstone,Silverstone Circuit,Silverstone,UK,52.0786,-1.01694,153,1996
9,silverstone,Silverstone Circuit,Silverstone,UK,52.0786,-1.01694,153,1997
9,silverstone,Silverstone Circuit,Silverstone,UK,52.0786,-1.01694,153,1998
9,silverstone,Silverstone Circuit,Silverstone,UK,52.0786,-1.01694,153,1999
9,silverstone,Silverstone Circuit,Silverstone,UK,52.0786,-1.01694,153,2000
9,silverstone,Silverstone Circuit,Silverstone,UK,52.0786,-1.01694,153,2001
9,silverstone,Silverstone Circuit,Silverstone,UK,52.0786,-1.01694,153,2002
9,silverstone,Silverstone Circuit,Silverstone,UK,52.0786,-1.01694,153,2003
9,silverstone,Silverstone Circuit,Silverstone,UK,52.0786,-1.01694,153,2004
9,silverstone,Silverstone Circuit,Silverstone,UK,52.0786,-1.01694,153,2005
9,silverstone,Silverstone Circuit,Silverstone,UK,52.0786,-1.01694,153,2006
9,silverstone,Silverstone Circuit,Silverstone,UK,52.0786,-1.01694,153,2007
9,silverstone,Silverstone Circuit,Silverstone,UK,52.0786,-1.01694,153,2008
9,silverstone,Silverstone Circuit,Silverstone,UK,52.0786,-1.01694,153,2009
9,silverstone,Silverstone Circuit,Silverstone,UK,52.0786,-1.01694,153,2010
9,silverstone,Silverstone Circuit,Silverstone,UK,52.0786,-1.01694,153,2011
9,silverstone,Silverstone Circuit,Silverstone,UK,52.0786,-1.01694,153,2012
9,silverstone,Silverstone Circuit,Silverstone,UK,52.0786,-1.01694,153,2013
9,silverstone,Silverstone Circuit,Silverstone,UK,52.0786,-1.01694,153,2014
9,silverstone,Silverstone Circuit,Silverstone,UK,52.0786,-1.01694,153,2015
9,silverstone,Silverstone Circuit,Silverstone,UK,52.0786,-1.01694,153,2016
9,silverstone,Silverstone Circuit,Silverstone,UK,52.0786,-1.01694,153,2017
9,silverstone,Silverstone Circuit,Silverstone,UK,52.0786,-1.01694,153,2018
9,silverstone,Silverstone Circuit,Silverstone,UK,52.0786,-1.01694,153,2019
9,silverstone,Silverstone Circuit,Silverstone,UK,52.0786,-1.01694,153,2021
9,silverstone,Silverstone Circuit,Silverstone,UK,52.0786,-1.01694,153,2022
9,silverstone,Silverstone Circuit,Silverstone,UK,52.0786,-1.01694,153,2023
10,hockenheimring,Hockenheimring,Hockenheim,Germany,49.3278,8.56583,103,1970
10,hockenheimring,Hockenheimring,Hockenheim,Germany,49.3278,8.56583,103,1977
10,hockenheimring,Hockenheimring,Hockenheim,Germany,49.3278,8.56583,103,1978
10,hockenheimring,Hockenheimring,Hockenheim,Germany,49.3278,8.56583,103,1979
10,hockenheimring,Hockenheimring,Hockenheim,Germany,49.3278,8.56583,103,1980
10,hockenheimring,Hockenheimring,Hockenheim,Germany,49.3278,8.56583,103,1981
10,hockenheimring,Hockenheimring,Hockenheim,Germany,49.3278,8.56583,103,1982
10,hockenheimring,Hockenheimring,Hockenheim,Germany,49.3278,8.56583,103,1983
10,hockenheimring,Hockenheimring,Hockenheim,Germany,49.3278,8.56583,103,1984
10,hockenheimring,Hockenheimring,Hockenheim,Germany,49.3278,8.56583,103,1985
10,hockenheimring,Hockenheimring,Hockenheim,Germany,49.3278,8.56583,103,1986
10,hockenheimring,Hockenheimring,Hockenheim,Germany,49.3278,8.56583,103,1987
10,hockenheimring,Hockenheimring,Hockenheim,Germany,49.3278,8.56583,103,1988
10,hockenheimring,Hockenheimring,Hockenheim,Germany,49.3278,8.56583,103,1989
10,hockenheimring,Hockenheimring,Hockenheim,Germany,49.3278,8.56583,103,1990
10,hockenheimring,Hockenheimring,Hockenheim,Germany,49.3278,8.56583,103,1991
10,hockenheimring,Hockenheimring,Hockenheim,Germany,49.3278,8.56583,103,1992
10,hockenheimring,Hockenheimring,Hockenheim,Germany,49.3278,8.56583,103,1993
10,hockenheimring,Hockenheimring,Hockenheim,Germany,49.3278,8.56583,103,1994
10,hockenheimring,Hockenheimring,Hockenheim,Germany,49.3278,8.56583,103,1995
10,hockenheimring,Hockenheimring,Hockenheim,Germany,49.3278,8.56583,103,1996
10,hockenheimring,Hockenheimring,Hockenheim,Germany,49.3278,8.56583,103,1997
10,hockenheimring,Hockenheimring,Hockenheim,Germany,49.3278,8.56583,103,1998
10,hockenheimring,Hockenheimring,Hockenheim,Germany,49.3278,8.56583,103,1999
10,hockenheimring,Hockenheimring,Hockenheim,Germany,49.3278,8.56583,103,2000
10,hockenheimring,Hockenheimring,Hockenheim,Germany,49.3278,8.56583,103,2001
10,hockenheimring,Hockenheimring,Hockenheim,Germany,49.3278,8.56583,103,2002
10,hockenheimring,Hockenheimring,Hockenheim,Germany,49.3278,8.56583,103,2003
10,hockenheimring,Hockenheimring,Hockenheim,Germany,49.3278,8.56583,103,2004
10,hockenheimring,Hockenheimring,Hockenheim,Germany,49.3278,8.56583,103,2005
10,hockenheimring,Hockenheimring,Hockenheim,Germany,49.3278,8.56583,103,2006
10,hockenheimring,Hockenheimring,Hockenheim,Germany,49.3278,8.56583,103,2008
10,hockenheimring,Hockenheimring,Hockenheim,Germany,49.3278,8.56583,103,2010
10,hockenheimring,Hockenheimring,Hockenheim,Germany,49.3278,8.56583,103,2012
10,hockenheimring,Hockenheimring,Hockenheim,Germany,49.3278,8.56583,103,2014
10,hockenheimring,Hockenheimring,Hockenheim,Germany,49.3278,8.56583,103,2016
10,hockenheimring,Hockenheimring,Hockenheim,Germany,49.3278,8.56583,103,2018
10,hockenheimring,Hockenheimring,Hockenheim,Germany,49.3278,8.56583,103,2019
11,hungaroring,Hungaroring,Budapest,Hungary,47.5789,19.2486,264,1986
11,hungaroring,Hungaroring,Budapest,Hungary,47.5789,19.2486,264,1987
11,hungaroring,Hungaroring,Budapest,Hungary,47.5789,19.2486,264,1988
11,hungaroring,Hungaroring,Budapest,Hungary,47.5789,19.2486,264,1989
11,hungaroring,Hungaroring,Budapest,Hungary,47.5789,19.2486,264,1990
11,hungaroring,Hungaroring,Budapest,Hungary,47.5789,19.2486,264,1991
11,hungaroring,Hungaroring,Budapest,Hungary,47.5789,19.2486,264,1992
11,hungaroring,Hungaroring,Budapest,Hungary,47.5789,19.2486,264,1993
11,hungaroring,Hungaroring,Budapest,Hungary,47.5789,19.2486,264,1994
11,hungaroring,Hungaroring,Budapest,Hungary,47.5789,19.2486,264,1995
11,hungaroring,Hungaroring,Budapest,Hungary,47.5789,19.2486,264,1996
11,hungaroring,Hungaroring,Budapest,Hungary,47.5789,19.2486,264,1997
11,hungaroring,Hungaroring,Budapest,Hungary,47.5789,19.2486,264,1998
11,hungaroring,Hungaroring,Budapest,Hungary,47.5789,19.2486,264,1999
11,hungaroring,Hungaroring,Budapest,Hungary,47.5789,19.2486,264,2000
11,hungaroring,Hungaroring,Budapest,Hungary,47.5789,19.2486,264,2001
11,hungaroring,Hungaroring,Budapest,Hungary,47.5789,19.2486,264,2002
11,hungaroring,Hungaroring,Budapest,Hungary,47.5789,19.2486,264,2003
11,hungaroring,Hungaroring,Budapest,Hungary,47.5789,19.2486,264,2004
11,hungaroring,Hungaroring,Budapest,Hungary,47.5789,19.2486,264,2005
11,hungaroring,Hungaroring,Budapest,Hungary,47.5789,19.2486,264,2006
11,hungaroring,Hungaroring,Budapest,Hungary,47.5789,19.2486,264,2007
11,hungaroring,Hungaroring,Budapest,Hungary,47.5789,19.2486,264,2008
11,hungaroring,Hungaroring,Budapest,Hungary,47.5789,19.2486,264,2009
11,hungaroring,Hungaroring,Budapest,Hungary,47.5789,19.2486,264,2010
11,hungaroring,Hungaroring,Budapest,Hungary,47.5789,19.2486,264,2011
11,hungaroring,Hungaroring,Budapest,Hungary,47.5789,19.2486,264,2012
11,hungaroring,Hungaroring,Budapest,Hungary,47.5789,19.2486,264,2013
11,hungaroring,Hungaroring,Budapest,Hungary,47.5789,19.2486,264,2014
11,hungaroring,Hungaroring,Budapest,Hungary,47.5789,19.2486,264,2015
11,hungaroring,Hungaroring,Budapest,Hungary,47.5789,19.2486,264,2016
11,hungaroring,Hungaroring,Budapest,Hungary,47.5789,19.2486,264,2017
11,hungaroring,Hungaroring,Budapest,Hungary,47.5789,19.2486,264,2018
11,hungaroring,Hungaroring,Budapest,Hungary,47.5789,19.2486,264,2019
11,hungaroring,Hungaroring,Budapest,Hungary,47.5789,19.2486,264,2020
11,hungaroring,Hungaroring,Budapest,Hungary,47.5789,19.2486,264,2021
11,hungaroring,Hungaroring,Budapest,Hungary,47.5789,19.2486,264,2022
11,hungaroring,Hungaroring,Budapest,Hungary,47.5789,19.2486,264,2023
12,valencia,Valencia Street Circuit,Valencia,Spain,39.4589,-0.331667,4,2008
12,valencia,Valencia Street Circuit,Valencia,Spain,39.4589,-0.331667,4,2009
12,valencia,Valencia Street Circuit,Valencia,Spain,39.4589,-0.331667,4,2010
12,valencia,Valencia Street Circuit,Valencia,Spain,39.4589,-0.331667,4,2011
12,valencia,Valencia Street Circuit,Valencia,Spain,39.4589,-0.331667,4,2012
13,spa,Circuit de Spa-Francorchamps,Spa,Belgium,50.4372,5.97139,401,1950
13,spa,Circuit de Spa-Francorchamps,Spa,Belgium,50.4372,5.97139,401,1951
13,spa,Circuit de Spa-Francorchamps,Spa,Belgium,50.4372,5.97139,401,1952
13,spa,Circuit de Spa-Francorchamps,Spa,Belgium,50.4372,5.97139,401,1953
13,spa,Circuit de Spa-Francorchamps,Spa,Belgium,50.4372,5.97139,401,1954
13,spa,Circuit de Spa-Francorchamps,Spa,Belgium,50.4372,5.97139,401,1955
13,spa,Circuit de Spa-Francorchamps,Spa,Belgium,50.4372,5.97139,401,1956
13,spa,Circuit de Spa-Francorchamps,Spa,Belgium,50.4372,5.97139,401,1958
13,spa,Circuit de Spa-Francorchamps,Spa,Belgium,50.4372,5.97139,401,1960
13,spa,Circuit de Spa-Francorchamps,Spa,Belgium,50.4372,5.97139,401,1961
13,spa,Circuit de Spa-Francorchamps,Spa,Belgium,50.4372,5.97139,401,1962
13,spa,Circuit de Spa-Francorchamps,Spa,Belgium,50.4372,5.97139,401,1963
13,spa,Circuit de Spa-Francorchamps,Spa,Belgium,50.4372,5.97139,401,1964
13,spa,Circuit de Spa-Francorchamps,Spa,Belgium,50.4372,5.97139,401,1965
13,spa,Circuit de Spa-Francorchamps,Spa,Belgium,50.4372,5.97139,401,1966
13,spa,Circuit de Spa-Francorchamps,Spa,Belgium,50.4372,5.97139,401,1967
13,spa,Circuit de Spa-Francorchamps,Spa,Belgium,50.4372,5.97139,401,1968
13,spa,Circuit de Spa-Francorchamps,Spa,Belgium,50.4372,5.97139,401,1970
13,spa,Circuit de Spa-Francorchamps,Spa,Belgium,50.4372,5.97139,401,1983
13,spa,Circuit de Spa-Francorchamps,Spa,Belgium,50.4372,5.97139,401,1985
13,spa,Circuit de Spa-Francorchamps,Spa,Belgium,50.4372,5.97139,401,1986
13,spa,Circuit de Spa-Francorchamps,Spa,Belgium,50.4372,5.97139,401,1987
13,spa,Circuit de Spa-Francorchamps,Spa,Belgium,50.4372,5.97139,401,1988
13,spa,Circuit de Spa-Francorchamps,Spa,Belgium,50.4372,5.97139,401,1989
13,spa,Circuit de Spa-Francorchamps,Spa,Belgium,50.4372,5.97139,401,1990
13,spa,Circuit de Spa-Francorchamps,Spa,Belgium,50.4372,5.97139,401,1991
13,spa,Circuit de Spa-Francorchamps,Spa,Belgium,50.4372,5.97139,401,1992
13,spa,Circuit de Spa-Francorchamps,Spa,Belgium,50.4372,5.97139,401,1993
13,spa,Circuit de Spa-Francorchamps,Spa,Belgium,50.4372,5.97139,401,1994
13,spa,Circuit de Spa-Francorchamps,Spa,Belgium,50.4372,5.97139,401,1995
13,spa,Circuit de Spa-Francorchamps,Spa,Belgium,50.4372,5.97139,401,1996
13,spa,Circuit de Spa-Francorchamps,Spa,Belgium,50.4372,5.97139,401,1997
13,spa,Circuit de Spa-Francorchamps,Spa,Belgium,50.4372,5.97139,401,1998
13,spa,Circuit de Spa-Francorchamps,Spa,Belgium,50.4372,5.97139,401,1999
13,spa,Circuit de Spa-Francorchamps,Spa,Belgium,50.4372,5.97139,401,2000
13,spa,Circuit de Spa-Francorchamps,Spa,Belgium,50.4372,5.97139,401,2001
13,spa,Circuit de Spa-Francorchamps,Spa,Belgium,50.4372,5.97139,401,2002
13,spa,Circuit de Spa-Francorchamps,Spa,Belgium,50.4372,5.97139,401,2003
13,spa,Circuit de Spa-Francorchamps,Spa,Belgium,50.4372,5.97139,401,2004
13,spa,Circuit de Spa-Francorchamps,Spa,Belgium,50.4372,5.97139,401,2005
13,spa,Circuit de Spa-Francorchamps,Spa,Belgium,50.4372,5.97139,401,2006
13,spa,Circuit de Spa-Francorchamps,Spa,Belgium,50.4372,5.97139,401,2007
13,spa,Circuit de Spa-Francorchamps,Spa,Belgium,50.4372,5.97139,401,2008
13,spa,Circuit de Spa-Francorchamps,Spa,Belgium,50.4372,5.97139,401,2009
13,spa,Circuit de Spa-Francorchamps,Spa,Belgium,50.4372,5.97139,401,2010
13,spa,Circuit de Spa-Francorchamps,Spa,Belgium,50.4372,5.97139,401,2011
13,spa,Circuit de Spa-Francorchamps,Spa,Belgium,50.4372,5.97139,401,2012
13,spa,Circuit de Spa-Francorchamps,Spa,Belgium,50.4372,5.97139,401,2013
13,spa,Circuit de Spa-Francorchamps,Spa,Belgium,50.4372,5.97139,401,2014
13,spa,Circuit de Spa-Francorchamps,Spa,Belgium,50.4372,5.97139,401,2015
13,spa,Circuit de Spa-Francorchamps,Spa,Belgium,50.4372,5.97139,401,2016
13,spa,Circuit de Spa-Francorchamps,Spa,Belgium,50.4372,5.97139,401,2017
13,spa,Circuit de Spa-Francorchamps,Spa,Belgium,50.4372,5.97139,401,2018
13,spa,Circuit de Spa-Francorchamps,Spa,Belgium,50.4372,5.97139,401,2019
13,spa,Circuit de Spa-Francorchamps,Spa,Belgium,50.4372,5.97139,401,2021
13,spa,Circuit de Spa-Francorchamps,Spa,Belgium,50.4372,5.97139,401,2022
13,spa,Circuit de Spa-Francorchamps,Spa,Belgium,50.4372,5.97139,401,2023
14,monza,Autodromo Nazionale di Monza,Monza,Italy,45.6156,9.28111,162,1950
14,monza,Autodromo Nazionale di Monza,Monza,Italy,45.6156,9.28111,162,1951
14,monza,Autodromo Nazionale di Monza,Monza,Italy,45.6156,9.28111,162,1952
14,monza,Autodromo Nazionale di Monza,Monza,Italy,45.6156,9.28111,162,1953
14,monza,Autodromo Nazionale di Monza,Monza,Italy,45.6156,9.28111,162,1954
14,monza,Autodromo Nazionale di Monza,Monza,Italy,45.6156,9.28111,162,1955
14,monza,Autodromo Nazionale di Monza,Monza,Italy,45.6156,9.28111,162,1956
14,monza,Autodromo Nazionale di Monza,Monza,Italy,45.6156,9.28111,162,1957
14,monza,Autodromo Nazionale di Monza,Monza,Italy,45.6156,9.28111,162,1958
14,monza,Autodromo Nazionale di Monza,Monza,Italy,45.6156,9.28111,162,1959
14,monza,Autodromo Nazionale di Monza,Monza,Italy,45.6156,9.28111,162,1960
14,monza,Autodromo Nazionale di Monza,Monza,Italy,45.6156,9.28111,162,1961
14,monza,Autodromo Nazionale di Monza,Monza,Italy,45.6156,9.28111,162,1962
14,monza,Autodromo Nazionale di Monza,Monza,Italy,45.6156,9.28111,162,1963
14,monza,Autodromo Nazionale di Monza,Monza,Italy,45.6156,9.28111,162,1964
14,monza,Autodromo Nazionale di Monza,Monza,Italy,45.6156,9.28111,162,1965
14,monza,Autodromo Nazionale di Monza,Monza,Italy,45.6156,9.28111,162,1966
14,monza,Autodromo Nazionale di Monza,Monza,Italy,45.6156,9.28111,162,1967
14,monza,Autodromo Nazionale di Monza,Monza,Italy,45.6156,9.28111,162,1968
14,monza,Autodromo Nazionale di Monza,Monza,Italy,45.6156,9.28111,162,1969
14,monza,Autodromo Nazionale di Monza,Monza,Italy,45.6156,9.28111,162,1970
14,monza,Autodromo Nazionale di Monza,Monza,Italy,45.6156,9.28111,162,1971
14,monza,Autodromo Nazionale di Monza,Monza,Italy,45.6156,9.28111,162,1972
14,monza,Autodromo Nazionale di Monza,Monza,Italy,45.6156,9.28111,162,1973
14,monza,Autodromo Nazionale di Monza,Monza,Italy,45.6156,9.28111,162,1974
14,monza,Autodromo Nazionale di Monza,Monza,Italy,45.6156,9.28111,162,1975
14,monza,Autodromo Nazionale di Monza,Monza,Italy,45.6156,9.28111,162,1976
14,monza,Autodromo Nazionale di Monza,Monza,Italy,45.6156,9.28111,162,1977
14,monza,Autodromo Nazionale di Monza,Monza,Italy,45.6156,9.28111,162,1978
14,monza,Autodromo Nazionale di Monza,Monza,Italy,45.6156,9.28111,162,1979
14,monza,Autodromo Nazionale di Monza,Monza,Italy,45.6156,9.28111,162,1980
14,monza,Autodromo Nazionale di Monza,Monza,Italy,45.6156,9.28111,162,1981
14,monza,Autodromo Nazionale di Monza,Monza,Italy,45.6156,9.28111,162,1982
14,monza,Autodromo Nazionale di Monza,Monza,Italy,45.6156,9.28111,162,1983
14,monza,Autodromo Nazionale di Monza,Monza,Italy,45.6156,9.28111,162,1984
14,monza,Autodromo Nazionale di Monza,Monza,Italy,45.6156,9.28111,162,1985
14,monza,Autodromo Nazionale di Monza,Monza,Italy,45.6156,9.28111,162,1986
14,monza,Autodromo Nazionale di Monza,Monza,Italy,45.6156,9.28111,162,1987
14,monza,Autodromo Nazionale di Monza,Monza,Italy,45.6156,9.28111,162,1988
14,monza,Autodromo Nazionale di Monza,Monza,Italy,45.6156,9.28111,162,1989
14,monza,Autodromo Nazionale di Monza,Monza,Italy,45.6156,9.28111,162,1990
14,monza,Autodromo Nazionale di Monza,Monza,Italy,45.6156,9.28111,162,1991
14,monza,Autodromo Nazionale di Monza,Monza,Italy,45.6156,9.28111,162,1992
14,monza,Autodromo Nazionale di Monza,Monza,Italy,45.6156,9.28111,162,1993
14,monza,Autodromo Nazionale di Monza,Monza,Italy,45.6156,9.28111,162,1994
14,monza,Autodromo Nazionale di Monza,Monza,Italy,45.6156,9.28111,162,1995
14,monza,Autodromo Nazionale di Monza,Monza,Italy,45.6156,9.28111,162,1996
14,monza,Autodromo Nazionale di Monza,Monza,Italy,45.6156,9.28111,162,1997
14,monza,Autodromo Nazionale di Monza,Monza,Italy,45.6156,9.28111,162,1998
14,monza,Autodromo Nazionale di Monza,Monza,Italy,45.6156,9.28111,162,1999
14,monza,Autodromo Nazionale di Monza,Monza,Italy,45.6156,9.28111,162,2000
14,monza,Autodromo Nazionale di Monza,Monza,Italy,45.6156,9.28111,162,2001
14,monza,Autodromo Nazionale di Monza,Monza,Italy,45.6156,9.28111,162,2002
14,monza,Autodromo Nazionale di Monza,Monza,Italy,45.6156,9.28111,162,2003
14,monza,Autodromo Nazionale di Monza,Monza,Italy,45.6156,9.28111,162,2004
14,monza,Autodromo Nazionale di Monza,Monza,Italy,45.6156,9.28111,162,2005
14,monza,Autodromo Nazionale di Monza,Monza,Italy,45.6156,9.28111,162,2006
14,monza,Autodromo Nazionale di Monza,Monza,Italy,45.6156,9.28111,162,2007
14,monza,Autodromo Nazionale di Monza,Monza,Italy,45.6156,9.28111,162,2008
14,monza,Autodromo Nazionale di Monza,Monza,Italy,45.6156,9.28111,162,2009
14,monza,Autodromo Nazionale di Monza,Monza,Italy,45.6156,9.28111,162,2010
14,monza,Autodromo Nazionale di Monza,Monza,Italy,45.6156,9.28111,162,2011
14,monza,Autodromo Nazionale di Monza,Monza,Italy,45.6156,9.28111,162,2012
14,monza,Autodromo Nazionale di Monza,Monza,Italy,45.6156,9.28111,162,2013
14,monza,Autodromo Nazionale di Monza,Monza,Italy,45.6156,9.28111,162,2014
14,monza,Autodromo Nazionale di Monza,Monza,Italy,45.6156,9.28111,162,2015
14,monza,Autodromo Nazionale di Monza,Monza,Italy,45.6156,9.28111,162,2016
14,monza,Autodromo Nazionale di Monza,Monza,Italy,45.6156,9.28111,162,2017
14,monza,Autodromo Nazionale di Monza,Monza,Italy,45.6156,9.28111,162,2018
14,monza,Autodromo Nazionale di Monza,Monza,Italy,45.6156,9.28111,162,2019
14,monza,Autodromo Nazionale di Monza,Monza,Italy,45.6156,9.28111,162,2021
14,monza,Autodromo Nazionale di Monza,Monza,Italy,45.6156,9.28111,162,2022
14,monza,Autodromo Nazionale di Monza,Monza,Italy,45.6156,9.28111,162,2023
15,marina_bay,Marina Bay Street Circuit,Marina Bay,Singapore,1.2914,103.864,18,2008
15,marina_bay,Marina Bay Street Circuit,Marina Bay,Singapore,1.2914,103.864,18,2009
15,marina_bay,Marina Bay Street Circuit,Marina Bay,Singapore,1.2914,103.864,18,2010
15,marina_bay,Marina Bay Street Circuit,Marina Bay,Singapore,1.2914,103.864,18,2011
15,marina_bay,Marina Bay Street Circuit,Marina Bay,Singapore,1.2914,103.864,18,2012
15,marina_bay,Marina Bay Street Circuit,Marina Bay,Singapore,1.2914,103.864,18,2013
15,marina_bay,Marina Bay Street Circuit,Marina Bay,Singapore,1.2914,103.864,18,2014
15,marina_bay,Marina Bay Street Circuit,Marina Bay,Singapore,1.2914,103.864,18,2015
15,marina_bay,Marina Bay Street Circuit,Marina Bay,Singapore,1.2914,103.864,18,2016
15,marina_bay,Marina Bay Street Circuit,Marina Bay,Singapore,1.2914,103.864,18,2017
15,marina_bay,Marina Bay Street Circuit,Marina Bay,Singapore,1.2914,103.864,18,2018
15,marina_bay,Marina Bay Street Circuit,Marina Bay,Singapore,1.2914,103.864,18,2019
15,marina_bay,Marina Bay Street Circuit,Marina Bay,Singapore,1.2914,103.864,18,2022
15,marina_bay,Marina Bay Street Circuit,Marina Bay,Singapore,1.2914,103.864,18,2023
16,fuji,Fuji Speedway,Oyama,Japan,35.3717,138.927,583,1976
16,fuji,Fuji Speedway,Oyama,Japan,35.3717,138.927,583,1977
16,fuji,Fuji Speedway,Oyama,Japan,35.3717,138.927,583,2007
16,fuji,Fuji Speedway,Oyama,Japan,35.3717,138.927,583,2008
17,shanghai,Shanghai International Circuit,Shanghai,China,31.3389,121.22,5,2004
17,shanghai,Shanghai International Circuit,Shanghai,China,31.3389,121.22,5,2005
17,shanghai,Shanghai International Circuit,Shanghai,China,31.3389,121.22,5,2006
17,shanghai,Shanghai International Circuit,Shanghai,China,31.3389,121.22,5,2007
17,shanghai,Shanghai International Circuit,Shanghai,China,31.3389,121.22,5,2008
17,shanghai,Shanghai International Circuit,Shanghai,China,31.3389,121.22,5,2009
17,shanghai,Shanghai International Circuit,Shanghai,China,31.3389,121.22,5,2010
17,shanghai,Shanghai International Circuit,Shanghai,China,31.3389,121.22,5,2011
17,shanghai,Shanghai International Circuit,Shanghai,China,31.3389,121.22,5,2012
17,shanghai,Shanghai International Circuit,Shanghai,China,31.3389,121.22,5,2013
17,shanghai,Shanghai International Circuit,Shanghai,China,31.3389,121.22,5,2014
17,shanghai,Shanghai International Circuit,Shanghai,China,31.3389,121.22,5,2015
17,shanghai,Shanghai International Circuit,Shanghai,China,31.3389,121.22,5,2016
17,shanghai,Shanghai International Circuit,Shanghai,China,31.3389,121.22,5,2017
17,shanghai,Shanghai International Circuit,Shanghai,China,31.3389,121.22,5,2018
17,shanghai,Shanghai International Circuit,Shanghai,China,31.3389,121.22,5,2019
18,interlagos,Autódromo José Carlos Pace,São Paulo,Brazil,-23.7036,-46.6997,785,1973
18,interlagos,Autódromo José Carlos Pace,São Paulo,Brazil,-23.7036,-46.6997,785,1975
18,interlagos,Autódromo José Carlos Pace,São Paulo,Brazil,-23.7036,-46.6997,785,1976
18,interlagos,Autódromo José Carlos Pace,São Paulo,Brazil,-23.7036,-46.6997,785,1977
18,interlagos,Autódromo José Carlos Pace,São Paulo,Brazil,-23.7036,-46.6997,785,1978
18,interlagos,Autódromo José Carlos Pace,São Paulo,Brazil,-23.7036,-46.6997,785,1979
18,interlagos,Autódromo José Carlos Pace,São Paulo,Brazil,-23.7036,-46.6997,785,1980
18,interlagos,Autódromo José Carlos Pace,São Paulo,Brazil,-23.7036,-46.6997,785,1981
18,interlagos,Autódromo José Carlos Pace,São Paulo,Brazil,-23.7036,-46.6997,785,1982
18,interlagos,Autódromo José Carlos Pace,São Paulo,Brazil,-23.7036,-46.6997,785,1983
18,interlagos,Autódromo José Carlos Pace,São Paulo,Brazil,-23.7036,-46.6997,785,1984
18,interlagos,Autódromo José Carlos Pace,São Paulo,Brazil,-23.7036,-46.6997,785,1985
18,interlagos,Autódromo José Carlos Pace,São Paulo,Brazil,-23.7036,-46.6997,785,1986
18,interlagos,Autódromo José Carlos Pace,São Paulo,Brazil,-23.7036,-46.6997,785,1987
18,interlagos,Autódromo José Carlos Pace,São Paulo,Brazil,-23.7036,-46.6997,785,1988
18,interlagos,Autódromo José Carlos Pace,São Paulo,Brazil,-23.7036,-46.6997,785,1989
18,interlagos,Autódromo José Carlos Pace,São Paulo,Brazil,-23.7036,-46.6997,785,1990
18,interlagos,Autódromo José Carlos Pace,São Paulo,Brazil,-23.7036,-46.6997,785,1991
18,interlagos,Autódromo José Carlos Pace,São Paulo,Brazil,-23.7036,-46.6997,785,1992
18,interlagos,Autódromo José Carlos Pace,São Paulo,Brazil,-23.7036,-46.6997,785,1993
18,interlagos,Autódromo José Carlos Pace,São Paulo,Brazil,-23.7036,-46.6997,785,1994
18,interlagos,Autódromo José Carlos Pace,São Paulo,Brazil,-23.7036,-46.6997,785,1995
18,interlagos,Autódromo José Carlos Pace,São Paulo,Brazil,-23.7036,-46.6997,785,1996
18,interlagos,Autódromo José Carlos Pace,São Paulo,Brazil,-23.7036,-46.6997,785,1997
18,interlagos,Autódromo José Carlos Pace,São Paulo,Brazil,-23.7036,-46.6997,785,1998
18,interlagos,Autódromo José Carlos Pace,São Paulo,Brazil,-23.7036,-46.6997,785,1999
18,interlagos,Autódromo José Carlos Pace,São Paulo,Brazil,-23.7036,-46.6997,785,2000
18,interlagos,Autódromo José Carlos Pace,São Paulo,Brazil,-23.7036,-46.6997,785,2001
18,interlagos,Autódromo José Carlos Pace,São Paulo,Brazil,-23.7036,-46.6997,785,2002
18,interlagos,Autódromo José Carlos Pace,São Paulo,Brazil,-23.7036,-46.6997,785,2003
18,interlagos,Autódromo José Carlos Pace,São Paulo,Brazil,-23.7036,-46.6997,785,2004
18,interlagos,Autódromo José Carlos Pace,São Paulo,Brazil,-23.7036,-46.6997,785,2005
18,interlagos,Autódromo José Carlos Pace,São Paulo,Brazil,-23.7036,-46.6997,785,2006
18,interlagos,Autódromo José Carlos Pace,São Paulo,Brazil,-23.7036,-46.6997,785,2007
18,interlagos,Autódromo José Carlos Pace,São Paulo,Brazil,-23.7036,-46.6997,785,2008
18,interlagos,Autódromo José Carlos Pace,São Paulo,Brazil,-23.7036,-46.6997,785,2009
18,interlagos,Autódromo José Carlos Pace,São Paulo,Brazil,-23.7036,-46.6997,785,2010
18,interlagos,Autódromo José Carlos Pace,São Paulo,Brazil,-23.7036,-46.6997,785,2011
18,interlagos,Autódromo José Carlos Pace,São Paulo,Brazil,-23.7036,-46.6997,785,2012
18,interlagos,Autódromo José Carlos Pace,São Paulo,Brazil,-23.7036,-46.6997,785,2013
18,interlagos,Autódromo José Carlos Pace,São Paulo,Brazil,-23.7036,-46.6997,785,2014
18,interlagos,Autódromo José Carlos Pace,São Paulo,Brazil,-23.7036,-46.6997,785,2015
18,interlagos,Autódromo José Carlos Pace,São Paulo,Brazil,-23.7036,-46.6997,785,2016
18,interlagos,Autódromo José Carlos Pace,São Paulo,Brazil,-23.7036,-46.6997,785,2017
18,interlagos,Autódromo José Carlos Pace,São Paulo,Brazil,-23.7036,-46.6997,785,2018
18,interlagos,Autódromo José Carlos Pace,São Paulo,Brazil,-23.7036,-46.6997,785,2019
18,interlagos,Autódromo José Carlos Pace,São Paulo,Brazil,-23.7036,-46.6997,785,2021
18,interlagos,Autódromo José Carlos Pace,São Paulo,Brazil,-23.7036,-46.6997,785,2022
18,interlagos,Autódromo José Carlos Pace,São Paulo,Brazil,-23.7036,-46.6997,785,2023
19,indianapolis,Indianapolis Motor Speedway,Indianapolis,USA,39.795,-86.2347,223,2000
19,indianapolis,Indianapolis Motor Speedway,Indianapolis,USA,39.795,-86.2347,223,2001
19,indianapolis,Indianapolis Motor Speedway,Indianapolis,USA,39.795,-86.2347,223,2002
19,indianapolis,Indianapolis Motor Speedway,Indianapolis,USA,39.795,-86.2347,223,2003
19,indianapolis,Indianapolis Motor Speedway,Indianapolis,USA,39.795,-86.2347,223,2004
19,indianapolis,Indianapolis Motor Speedway,Indianapolis,USA,39.795,-86.2347,223,2005
19,indianapolis,Indianapolis Motor Speedway,Indianapolis,USA,39.795,-86.2347,223,2006
19,indianapolis,Indianapolis Motor Speedway,Indianapolis,USA,39.795,-86.2347,223,2007
20,nurburgring,Nürburgring,Nürburg,Germany,50.3356,6.9475,578,1951
20,nurburgring,Nürburgring,Nürburg,Germany,50.3356,6.9475,578,1954
20,nurburgring,Nürburgring,Nürburg,Germany,50.3356,6.9475,578,1961
20,nurburgring,Nürburgring,Nürburg,Germany,50.3356,6.9475,578,1969
20,nurburgring,Nürburgring,Nürburg,Germany,50.3356,6.9475,578,1970
20,nurburgring,Nürburgring,Nürburg,Germany,50.3356,6.9475,578,1971
20,nurburgring,Nürburgring,Nürburg,Germany,50.3356,6.9475,578,1972
20,nurburgring,Nürburgring,Nürburg,Germany,50.3356,6.9475,578,1973
20,nurburgring,Nürburgring,Nürburg,Germany,50.3356,6.9475,578,1974
20,nurburgring,Nürburgring,Nürburg,Germany,50.3356,6.9475,578,1975
20,nurburgring,Nürburgring,Nürburg,Germany,50.3356,6.9475,578,1976
20,nurburgring,Nürburgring,Nürburg,Germany,50.3356,6.9475,578,1984
20,nurburgring,Nürburgring,Nürburg,Germany,50.3356,6.9475,578,1985
20,nurburgring,Nürburgring,Nürburg,Germany,50.3356,6.9475,578,1995
20,nurburgring,Nürburgring,Nürburg,Germany,50.3356,6.9475,578,1996
20,nurburgring,Nürburgring,Nürburg,Germany,50.3356,6.9475,578,1997
20,nurburgring,Nürburgring,Nürburg,Germany,50.3356,6.9475,578,1998
20,nurburgring,Nürburgring,Nürburg,Germany,50.3356,6.9475,578,1999
20,nurburgring,Nürburgring,Nürburg,Germany,50.3356,6.9475,578,2000
20,nurburgring,Nürburgring,Nürburg,Germany,50.3356,6.9475,578,2001
20,nurburgring,Nürburgring,Nürburg,Germany,50.3356,6.9475,578,2002
20,nurburgring,Nürburgring,Nürburg,Germany,50.3356,6.9475,578,2003
20,nurburgring,Nürburgring,Nürburg,Germany,50.3356,6.9475,578,2004
20,nurburgring,Nürburgring,Nürburg,Germany,50.3356,6.9475,578,2005
20,nurburgring,Nürburgring,Nürburg,Germany,50.3356,6.9475,578,2006
20,nurburgring,Nürburgring,Nürburg,Germany,50.3356,6.9475,578,2009
20,nurburgring,Nürburgring,Nürburg,Germany,50.3356,6.9475,578,2011
20,nurburgring,Nürburgring,Nürburg,Germany,50.3356,6.9475,578,2013
20,nurburgring,Nürburgring,Nürburg,Germany,50.3356,6.9475,578,2020
21,imola,Autodromo Enzo e Dino Ferrari,Imola,Italy,44.3439,11.7167,37,1980
21,imola,Autodromo Enzo e Dino Ferrari,Imola,Italy,44.3439,11.7167,37,1981
21,imola,Autodromo Enzo e Dino Ferrari,Imola,Italy,44.3439,11.7167,37,1982
21,imola,Autodromo Enzo e Dino Ferrari,Imola,Italy,44.3439,11.7167,37,1983
21,imola,Autodromo Enzo e Dino Ferrari,Imola,Italy,44.3439,11.7167,37,1984
21,imola,Autodromo Enzo e Dino Ferrari,Imola,Italy,44.3439,11.7167,37,1985
21,imola,Autodromo Enzo e Dino Ferrari,Imola,Italy,44.3439,11.7167,37,1986
21,imola,Autodromo Enzo e Dino Ferrari,Imola,Italy,44.3439,11.7167,37,1987
21,imola,Autodromo Enzo e Dino Ferrari,Imola,Italy,44.3439,11.7167,37,1988
21,imola,Autodromo Enzo e Dino Ferrari,Imola,Italy,44.3439,11.7167,37,1989
21,imola,Autodromo Enzo e Dino Ferrari,Imola,Italy,44.3439,11.7167,37,1990
21,imola,Autodromo Enzo e Dino Ferrari,Imola,Italy,44.3439,11.7167,37,1991
21,imola,Autodromo Enzo e Dino Ferrari,Imola,Italy,44.3439,11.7167,37,1992
21,imola,Autodromo Enzo e Dino Ferrari,Imola,Italy,44.3439,11.7167,37,1993
21,imola,Autodromo Enzo e Dino Ferrari,Imola,Italy,44.3439,11.7167,37,1994
21,imola,Autodromo Enzo e Dino Ferrari,Imola,Italy,44.3439,11.7167,37,1995
21,imola,Autodromo Enzo e Dino Ferrari,Imola,Italy,44.3439,11.7167,37,1996
21,imola,Autodromo Enzo e Dino Ferrari,Imola,Italy,44.3439,11.7167,37,1997
21,imola,Autodromo Enzo e Dino Ferrari,Imola,Italy,44.3439,11.7167,37,1998
21,imola,Autodromo Enzo e Dino Ferrari,Imola,Italy,44.3439,11.7167,37,1999
21,imola,Autodromo Enzo e Dino Ferrari,Imola,Italy,44.3439,11.7167,37,2000
21,imola,Autodromo Enzo e Dino Ferrari,Imola,Italy,44.3439,11.7167,37,2001
21,imola,Autodromo Enzo e Dino Ferrari,Imola,Italy,44.3439,11.7167,37,2002
21,imola,Autodromo Enzo e Dino Ferrari,Imola,Italy,44.3439,11.7167,37,2003
21,imola,Autodromo Enzo e Dino Ferrari,Imola,Italy,44.3439,11.7167,37,2004
21,imola,Autodromo Enzo e Dino Ferrari,Imola,Italy,44.3439,11.7167,37,2005
21,imola,Autodromo Enzo e Dino Ferrari,Imola,Italy,44.3439,11.7167,37,2006
21,imola,Autodromo Enzo e Dino Ferrari,Imola,Italy,44.3439,11.7167,37,2020
21,imola,Autodromo Enzo e Dino Ferrari,Imola,Italy,44.3439,11.7167,37,2022
21,imola,Autodromo Enzo e Dino Ferrari,Imola,Italy,44.3439,11.7167,37,2023
22,suzuka,Suzuka Circuit,Suzuka,Japan,34.8431,136.541,45,1987
22,suzuka,Suzuka Circuit,Suzuka,Japan,34.8431,136.541,45,1988
22,suzuka,Suzuka Circuit,Suzuka,Japan,34.8431,136.541,45,1989
22,suzuka,Suzuka Circuit,Suzuka,Japan,34.8431,136.541,45,1990
22,suzuka,Suzuka Circuit,Suzuka,Japan,34.8431,136.541,45,1991
22,suzuka,Suzuka Circuit,Suzuka,Japan,34.8431,136.541,45,1992
22,suzuka,Suzuka Circuit,Suzuka,Japan,34.8431,136.541,45,1993
22,suzuka,Suzuka Circuit,Suzuka,Japan,34.8431,136.541,45,1994
22,suzuka,Suzuka Circuit,Suzuka,Japan,34.8431,136.541,45,1995
22,suzuka,Suzuka Circuit,Suzuka,Japan,34.8431,136.541,45,1996
22,suzuka,Suzuka Circuit,Suzuka,Japan,34.8431,136.541,45,1997
22,suzuka,Suzuka Circuit,Suzuka,Japan,34.8431,136.541,45,1998
22,suzuka,Suzuka Circuit,Suzuka,Japan,34.8431,136.541,45,1999
22,suzuka,Suzuka Circuit,Suzuka,Japan,34.8431,136.541,45,2000
22,suzuka,Suzuka Circuit,Suzuka,Japan,34.8431,136.541,45,2001
22,suzuka,Suzuka Circuit,Suzuka,Japan,34.8431,136.541,45,2002
22,suzuka,Suzuka Circuit,Suzuka,Japan,34.8431,136.541,45,2003
22,suzuka,Suzuka Circuit,Suzuka,Japan,34.8431,136.541,45,2004
22,suzuka,Suzuka Circuit,Suzuka,Japan,34.8431,136.541,45,2005
22,suzuka,Suzuka Circuit,Suzuka,Japan,34.8431,136.541,45,2006
22,suzuka,Suzuka Circuit,Suzuka,Japan,34.8431,136.541,45,2009
22,suzuka,Suzuka Circuit,Suzuka,Japan,34.8431,136.541,45,2010
22,suzuka,Suzuka Circuit,Suzuka,Japan,34.8431,136.541,45,2011
22,suzuka,Suzuka Circuit,Suzuka,Japan,34.8431,136.541,45,2012
22,suzuka,Suzuka Circuit,Suzuka,Japan,34.8431,136.541,45,2013
22,suzuka,Suzuka Circuit,Suzuka,Japan,34.8431,136.541,45,2014
22,suzuka,Suzuka Circuit,Suzuka,Japan,34.8431,136.541,45,2015
22,suzuka,Suzuka Circuit,Suzuka,Japan,34.8431,136.541,45,2016
22,suzuka,Suzuka Circuit,Suzuka,Japan,34.8431,136.541,45,2017
22,suzuka,Suzuka Circuit,Suzuka,Japan,34.8431,136.541,45,2018
22,suzuka,Suzuka Circuit,Suzuka,Japan,34.8431,136.541,45,2019
22,suzuka,Suzuka Circuit,Suzuka,Japan,34.8431,136.541,45,2022
22,suzuka,Suzuka Circuit,Suzuka,Japan,34.8431,136.541,45,2023
80,vegas,Las Vegas Strip Street Circuit,Las Vegas,United States,36.1147,-115.173,\N,2023
24,yas_marina,Yas Marina Circuit,Abu Dhabi,UAE,24.4672,54.6031,3,2009
24,yas_marina,Yas Marina Circuit,Abu Dhabi,UAE,24.4672,54.6031,3,2010
24,yas_marina,Yas Marina Circuit,Abu Dhabi,UAE,24.4672,54.6031,3,2011
24,yas_marina,Yas Marina Circuit,Abu Dhabi,UAE,24.4672,54.6031,3,2012
24,yas_marina,Yas Marina Circuit,Abu Dhabi,UAE,24.4672,54.6031,3,2013
24,yas_marina,Yas Marina Circuit,Abu Dhabi,UAE,24.4672,54.6031,3,2014
24,yas_marina,Yas Marina Circuit,Abu Dhabi,UAE,24.4672,54.6031,3,2015
24,yas_marina,Yas Marina Circuit,Abu Dhabi,UAE,24.4672,54.6031,3,2016
24,yas_marina,Yas Marina Circuit,Abu Dhabi,UAE,24.4672,54.6031,3,2017
24,yas_marina,Yas Marina Circuit,Abu Dhabi,UAE,24.4672,54.6031,3,2018
24,yas_marina,Yas Marina Circuit,Abu Dhabi,UAE,24.4672,54.6031,3,2019
24,yas_marina,Yas Marina Circuit,Abu Dhabi,UAE,24.4672,54.6031,3,2020
24,yas_marina,Yas Marina Circuit,Abu Dhabi,UAE,24.4672,54.6031,3,2021
24,yas_marina,Yas Marina Circuit,Abu Dhabi,UAE,24.4672,54.6031,3,2022
24,yas_marina,Yas Marina Circuit,Abu Dhabi,UAE,24.4672,54.6031,3,2023
25,galvez,Autódromo Juan y Oscar Gálvez,Buenos Aires,Argentina,-34.6943,-58.4593,8,1972
25,galvez,Autódromo Juan y Oscar Gálvez,Buenos Aires,Argentina,-34.6943,-58.4593,8,1973
25,galvez,Autódromo Juan y Oscar Gálvez,Buenos Aires,Argentina,-34.6943,-58.4593,8,1974
25,galvez,Autódromo Juan y Oscar Gálvez,Buenos Aires,Argentina,-34.6943,-58.4593,8,1975
25,galvez,Autódromo Juan y Oscar Gálvez,Buenos Aires,Argentina,-34.6943,-58.4593,8,1977
25,galvez,Autódromo Juan y Oscar Gálvez,Buenos Aires,Argentina,-34.6943,-58.4593,8,1978
25,galvez,Autódromo Juan y Oscar Gálvez,Buenos Aires,Argentina,-34.6943,-58.4593,8,1979
25,galvez,Autódromo Juan y Oscar Gálvez,Buenos Aires,Argentina,-34.6943,-58.4593,8,1980
25,galvez,Autódromo Juan y Oscar Gálvez,Buenos Aires,Argentina,-34.6943,-58.4593,8,1981
25,galvez,Autódromo Juan y Oscar Gálvez,Buenos Aires,Argentina,-34.6943,-58.4593,8,1995
25,galvez,Autódromo Juan y Oscar Gálvez,Buenos Aires,Argentina,-34.6943,-58.4593,8,1996
25,galvez,Autódromo Juan y Oscar Gálvez,Buenos Aires,Argentina,-34.6943,-58.4593,8,1997
25,galvez,Autódromo Juan y Oscar Gálvez,Buenos Aires,Argentina,-34.6943,-58.4593,8,1998
26,jerez,Circuito de Jerez,Jerez de la Frontera,Spain,36.7083,-6.03417,37,1986
26,jerez,Circuito de Jerez,Jerez de la Frontera,Spain,36.7083,-6.03417,37,1987
26,jerez,Circuito de Jerez,Jerez de la Frontera,Spain,36.7083,-6.03417,37,1988
26,jerez,Circuito de Jerez,Jerez de la Frontera,Spain,36.7083,-6.03417,37,1989
26,jerez,Circuito de Jerez,Jerez de la Frontera,Spain,36.7083,-6.03417,37,1990
26,jerez,Circuito de Jerez,Jerez de la Frontera,Spain,36.7083,-6.03417,37,1994
26,jerez,Circuito de Jerez,Jerez de la Frontera,Spain,36.7083,-6.03417,37,1997
27,estoril,Autódromo do Estoril,Estoril,Portugal,38.7506,-9.39417,130,1984
27,estoril,Autódromo do Estoril,Estoril,Portugal,38.7506,-9.39417,130,1985
27,estoril,Autódromo do Estoril,Estoril,Portugal,38.7506,-9.39417,130,1986
27,estoril,Autódromo do Estoril,Estoril,Portugal,38.7506,-9.39417,130,1987
27,estoril,Autódromo do Estoril,Estoril,Portugal,38.7506,-9.39417,130,1988
27,estoril,Autódromo do Estoril,Estoril,Portugal,38.7506,-9.39417,130,1989
27,estoril,Autódromo do Estoril,Estoril,Portugal,38.7506,-9.39417,130,1990
27,estoril,Autódromo do Estoril,Estoril,Portugal,38.7506,-9.39417,130,1991
27,estoril,Autódromo do Estoril,Estoril,Portugal,38.7506,-9.39417,130,1992
27,estoril,Autódromo do Estoril,Estoril,Portugal,38.7506,-9.39417,130,1993
27,estoril,Autódromo do Estoril,Estoril,Portugal,38.7506,-9.39417,130,1994
27,estoril,Autódromo do Estoril,Estoril,Portugal,38.7506,-9.39417,130,1995
27,estoril,Autódromo do Estoril,Estoril,Portugal,38.7506,-9.39417,130,1996
28,okayama,Okayama International Circuit,Okayama,Japan,34.915,134.221,266,1994
28,okayama,Okayama International Circuit,Okayama,Japan,34.915,134.221,266,1995
29,adelaide,Adelaide Street Circuit,Adelaide,Australia,-34.9272,138.617,58,1985
29,adelaide,Adelaide Street Circuit,Adelaide,Australia,-34.9272,138.617,58,1986
29,adelaide,Adelaide Street Circuit,Adelaide,Australia,-34.9272,138.617,58,1987
29,adelaide,Adelaide Street Circuit,Adelaide,Australia,-34.9272,138.617,58,1988
29,adelaide,Adelaide Street Circuit,Adelaide,Australia,-34.9272,138.617,58,1989
29,adelaide,Adelaide Street Circuit,Adelaide,Australia,-34.9272,138.617,58,1990
29,adelaide,Adelaide Street Circuit,Adelaide,Australia,-34.9272,138.617,58,1991
29,adelaide,Adelaide Street Circuit,Adelaide,Australia,-34.9272,138.617,58,1992
29,adelaide,Adelaide Street Circuit,Adelaide,Australia,-34.9272,138.617,58,1993
29,adelaide,Adelaide Street Circuit,Adelaide,Australia,-34.9272,138.617,58,1994
29,adelaide,Adelaide Street Circuit,Adelaide,Australia,-34.9272,138.617,58,1995
30,kyalami,Kyalami,Midrand,South Africa,-25.9894,28.0767,1460,1967
30,kyalami,Kyalami,Midrand,South Africa,-25.9894,28.0767,1460,1968
30,kyalami,Kyalami,Midrand,South Africa,-25.9894,28.0767,1460,1969
30,kyalami,Kyalami,Midrand,South Africa,-25.9894,28.0767,1460,1970
30,kyalami,Kyalami,Midrand,South Africa,-25.9894,28.0767,1460,1971
30,kyalami,Kyalami,Midrand,South Africa,-25.9894,28.0767,1460,1972
30,kyalami,Kyalami,Midrand,South Africa,-25.9894,28.0767,1460,1973
30,kyalami,Kyalami,Midrand,South Africa,-25.9894,28.0767,1460,1974
30,kyalami,Kyalami,Midrand,South Africa,-25.9894,28.0767,1460,1975
30,kyalami,Kyalami,Midrand,South Africa,-25.9894,28.0767,1460,1976
30,kyalami,Kyalami,Midrand,South Africa,-25.9894,28.0767,1460,1977
30,kyalami,Kyalami,Midrand,South Africa,-25.9894,28.0767,1460,1978
30,kyalami,Kyalami,Midrand,South Africa,-25.9894,28.0767,1460,1979
30,kyalami,Kyalami,Midrand,South Africa,-25.9894,28.0767,1460,1980
30,kyalami,Kyalami,Midrand,South Africa,-25.9894,28.0767,1460,1981
30,kyalami,Kyalami,Midrand,South Africa,-25.9894,28.0767,1460,1982
30,kyalami,Kyalami,Midrand,South Africa,-25.9894,28.0767,1460,1983
30,kyalami,Kyalami,Midrand,South Africa,-25.9894,28.0767,1460,1984
30,kyalami,Kyalami,Midrand,South Africa,-25.9894,28.0767,1460,1985
30,kyalami,Kyalami,Midrand,South Africa,-25.9894,28.0767,1460,1992
30,kyalami,Kyalami,Midrand,South Africa,-25.9894,28.0767,1460,1993
31,donington,Donington Park,Castle Donington,UK,52.8306,-1.37528,88,1993
32,rodriguez,Autódromo Hermanos Rodríguez,Mexico City,Mexico,19.4042,-99.0907,2227,1963
32,rodriguez,Autódromo Hermanos Rodríguez,Mexico City,Mexico,19.4042,-99.0907,2227,1964
32,rodriguez,Autódromo Hermanos Rodríguez,Mexico City,Mexico,19.4042,-99.0907,2227,1965
32,rodriguez,Autódromo Hermanos Rodríguez,Mexico City,Mexico,19.4042,-99.0907,2227,1966
32,rodriguez,Autódromo Hermanos Rodríguez,Mexico City,Mexico,19.4042,-99.0907,2227,1967
32,rodriguez,Autódromo Hermanos Rodríguez,Mexico City,Mexico,19.4042,-99.0907,2227,1968
32,rodriguez,Autódromo Hermanos Rodríguez,Mexico City,Mexico,19.4042,-99.0907,2227,1969
32,rodriguez,Autódromo Hermanos Rodríguez,Mexico City,Mexico,19.4042,-99.0907,2227,1970
32,rodriguez,Autódromo Hermanos Rodríguez,Mexico City,Mexico,19.4042,-99.0907,2227,1986
32,rodriguez,Autódromo Hermanos Rodríguez,Mexico City,Mexico,19.4042,-99.0907,2227,1987
32,rodriguez,Autódromo Hermanos Rodríguez,Mexico City,Mexico,19.4042,-99.0907,2227,1988
32,rodriguez,Autódromo Hermanos Rodríguez,Mexico City,Mexico,19.4042,-99.0907,2227,1989
32,rodriguez,Autódromo Hermanos Rodríguez,Mexico City,Mexico,19.4042,-99.0907,2227,1990
32,rodriguez,Autódromo Hermanos Rodríguez,Mexico City,Mexico,19.4042,-99.0907,2227,1991
32,rodriguez,Autódromo Hermanos Rodríguez,Mexico City,Mexico,19.4042,-99.0907,2227,1992
32,rodriguez,Autódromo Hermanos Rodríguez,Mexico City,Mexico,19.4042,-99.0907,2227,2015
32,rodriguez,Autódromo Hermanos Rodríguez,Mexico City,Mexico,19.4042,-99.0907,2227,2016
32,rodriguez,Autódromo Hermanos Rodríguez,Mexico City,Mexico,19.4042,-99.0907,2227,2017
32,rodriguez,Autódromo Hermanos Rodríguez,Mexico City,Mexico,19.4042,-99.0907,2227,2018
32,rodriguez,Autódromo Hermanos Rodríguez,Mexico City,Mexico,19.4042,-99.0907,2227,2019
32,rodriguez,Autódromo Hermanos Rodríguez,Mexico City,Mexico,19.4042,-99.0907,2227,2022
32,rodriguez,Autódromo Hermanos Rodríguez,Mexico City,Mexico,19.4042,-99.0907,2227,2023
33,phoenix,Phoenix street circuit,Phoenix,USA,33.4479,-112.075,345,1989
33,phoenix,Phoenix street circuit,Phoenix,USA,33.4479,-112.075,345,1990
33,phoenix,Phoenix street circuit,Phoenix,USA,33.4479,-112.075,345,1991
34,ricard,Circuit Paul Ricard,Le Castellet,France,43.2506,5.79167,432,1971
34,ricard,Circuit Paul Ricard,Le Castellet,France,43.2506,5.79167,432,1973
34,ricard,Circuit Paul Ricard,Le Castellet,France,43.2506,5.79167,432,1975
34,ricard,Circuit Paul Ricard,Le Castellet,France,43.2506,5.79167,432,1976
34,ricard,Circuit Paul Ricard,Le Castellet,France,43.2506,5.79167,432,1978
34,ricard,Circuit Paul Ricard,Le Castellet,France,43.2506,5.79167,432,1980
34,ricard,Circuit Paul Ricard,Le Castellet,France,43.2506,5.79167,432,1982
34,ricard,Circuit Paul Ricard,Le Castellet,France,43.2506,5.79167,432,1983
34,ricard,Circuit Paul Ricard,Le Castellet,France,43.2506,5.79167,432,1985
34,ricard,Circuit Paul Ricard,Le Castellet,France,43.2506,5.79167,432,1986
34,ricard,Circuit Paul Ricard,Le Castellet,France,43.2506,5.79167,432,1987
34,ricard,Circuit Paul Ricard,Le Castellet,France,43.2506,5.79167,432,1988
34,ricard,Circuit Paul Ricard,Le Castellet,France,43.2506,5.79167,432,1989
34,ricard,Circuit Paul Ricard,Le Castellet,France,43.2506,5.79167,432,1990
34,ricard,Circuit Paul Ricard,Le Castellet,France,43.2506,5.79167,432,2018
34,ricard,Circuit Paul Ricard,Le Castellet,France,43.2506,5.79167,432,2019
34,ricard,Circuit Paul Ricard,Le Castellet,France,43.2506,5.79167,432,2022
35,yeongam,Korean International Circuit,Yeongam County,Korea,34.7333,126.417,0,2010
35,yeongam,Korean International Circuit,Yeongam County,Korea,34.7333,126.417,0,2011
35,yeongam,Korean International Circuit,Yeongam County,Korea,34.7333,126.417,0,2012
35,yeongam,Korean International Circuit,Yeongam County,Korea,34.7333,126.417,0,2013
36,jacarepagua,Autódromo Internacional Nelson Piquet,Rio de Janeiro,Brazil,-22.9756,-43.395,1126,1978
36,jacarepagua,Autódromo Internacional Nelson Piquet,Rio de Janeiro,Brazil,-22.9756,-43.395,1126,1981
36,jacarepagua,Autódromo Internacional Nelson Piquet,Rio de Janeiro,Brazil,-22.9756,-43.395,1126,1982
36,jacarepagua,Autódromo Internacional Nelson Piquet,Rio de Janeiro,Brazil,-22.9756,-43.395,1126,1983
36,jacarepagua,Autódromo Internacional Nelson Piquet,Rio de Janeiro,Brazil,-22.9756,-43.395,1126,1984
36,jacarepagua,Autódromo Internacional Nelson Piquet,Rio de Janeiro,Brazil,-22.9756,-43.395,1126,1985
36,jacarepagua,Autódromo Internacional Nelson Piquet,Rio de Janeiro,Brazil,-22.9756,-43.395,1126,1986
36,jacarepagua,Autódromo Internacional Nelson Piquet,Rio de Janeiro,Brazil,-22.9756,-43.395,1126,1987
36,jacarepagua,Autódromo Internacional Nelson Piquet,Rio de Janeiro,Brazil,-22.9756,-43.395,1126,1988
36,jacarepagua,Autódromo Internacional Nelson Piquet,Rio de Janeiro,Brazil,-22.9756,-43.395,1126,1989
37,detroit,Detroit Street Circuit,Detroit,USA,42.3298,-83.0401,177,1982
37,detroit,Detroit Street Circuit,Detroit,USA,42.3298,-83.0401,177,1983
37,detroit,Detroit Street Circuit,Detroit,USA,42.3298,-83.0401,177,1984
37,detroit,Detroit Street Circuit,Detroit,USA,42.3298,-83.0401,177,1985
37,detroit,Detroit Street Circuit,Detroit,USA,42.3298,-83.0401,177,1986
37,detroit,Detroit Street Circuit,Detroit,USA,42.3298,-83.0401,177,1987
37,detroit,Detroit Street Circuit,Detroit,USA,42.3298,-83.0401,177,1988
38,brands_hatch,Brands Hatch,Kent,UK,51.3569,0.263056,145,1964
38,brands_hatch,Brands Hatch,Kent,UK,51.3569,0.263056,145,1966
38,brands_hatch,Brands Hatch,Kent,UK,51.3569,0.263056,145,1968
38,brands_hatch,Brands Hatch,Kent,UK,51.3569,0.263056,145,1970
38,brands_hatch,Brands Hatch,Kent,UK,51.3569,0.263056,145,1972
38,brands_hatch,Brands Hatch,Kent,UK,51.3569,0.263056,145,1974
38,brands_hatch,Brands Hatch,Kent,UK,51.3569,0.263056,145,1976
38,brands_hatch,Brands Hatch,Kent,UK,51.3569,0.263056,145,1978
38,brands_hatch,Brands Hatch,Kent,UK,51.3569,0.263056,145,1980
38,brands_hatch,Brands Hatch,Kent,UK,51.3569,0.263056,145,1982
38,brands_hatch,Brands Hatch,Kent,UK,51.3569,0.263056,145,1984
38,brands_hatch,Brands Hatch,Kent,UK,51.3569,0.263056,145,1986
39,zandvoort,Circuit Park Zandvoort,Zandvoort,Netherlands,52.3888,4.54092,6,1952
39,zandvoort,Circuit Park Zandvoort,Zandvoort,Netherlands,52.3888,4.54092,6,1953
39,zandvoort,Circuit Park Zandvoort,Zandvoort,Netherlands,52.3888,4.54092,6,1955
39,zandvoort,Circuit Park Zandvoort,Zandvoort,Netherlands,52.3888,4.54092,6,1958
39,zandvoort,Circuit Park Zandvoort,Zandvoort,Netherlands,52.3888,4.54092,6,1959
39,zandvoort,Circuit Park Zandvoort,Zandvoort,Netherlands,52.3888,4.54092,6,1960
39,zandvoort,Circuit Park Zandvoort,Zandvoort,Netherlands,52.3888,4.54092,6,1961
39,zandvoort,Circuit Park Zandvoort,Zandvoort,Netherlands,52.3888,4.54092,6,1962
39,zandvoort,Circuit Park Zandvoort,Zandvoort,Netherlands,52.3888,4.54092,6,1963
39,zandvoort,Circuit Park Zandvoort,Zandvoort,Netherlands,52.3888,4.54092,6,1964
39,zandvoort,Circuit Park Zandvoort,Zandvoort,Netherlands,52.3888,4.54092,6,1965
39,zandvoort,Circuit Park Zandvoort,Zandvoort,Netherlands,52.3888,4.54092,6,1966
39,zandvoort,Circuit Park Zandvoort,Zandvoort,Netherlands,52.3888,4.54092,6,1967
39,zandvoort,Circuit Park Zandvoort,Zandvoort,Netherlands,52.3888,4.54092,6,1968
39,zandvoort,Circuit Park Zandvoort,Zandvoort,Netherlands,52.3888,4.54092,6,1969
39,zandvoort,Circuit Park Zandvoort,Zandvoort,Netherlands,52.3888,4.54092,6,1970
39,zandvoort,Circuit Park Zandvoort,Zandvoort,Netherlands,52.3888,4.54092,6,1971
39,zandvoort,Circuit Park Zandvoort,Zandvoort,Netherlands,52.3888,4.54092,6,1973
39,zandvoort,Circuit Park Zandvoort,Zandvoort,Netherlands,52.3888,4.54092,6,1974
39,zandvoort,Circuit Park Zandvoort,Zandvoort,Netherlands,52.3888,4.54092,6,1975
39,zandvoort,Circuit Park Zandvoort,Zandvoort,Netherlands,52.3888,4.54092,6,1976
39,zandvoort,Circuit Park Zandvoort,Zandvoort,Netherlands,52.3888,4.54092,6,1977
39,zandvoort,Circuit Park Zandvoort,Zandvoort,Netherlands,52.3888,4.54092,6,1978
39,zandvoort,Circuit Park Zandvoort,Zandvoort,Netherlands,52.3888,4.54092,6,1979
39,zandvoort,Circuit Park Zandvoort,Zandvoort,Netherlands,52.3888,4.54092,6,1980
39,zandvoort,Circuit Park Zandvoort,Zandvoort,Netherlands,52.3888,4.54092,6,1981
39,zandvoort,Circuit Park Zandvoort,Zandvoort,Netherlands,52.3888,4.54092,6,1982
39,zandvoort,Circuit Park Zandvoort,Zandvoort,Netherlands,52.3888,4.54092,6,1983
39,zandvoort,Circuit Park Zandvoort,Zandvoort,Netherlands,52.3888,4.54092,6,1984
39,zandvoort,Circuit Park Zandvoort,Zandvoort,Netherlands,52.3888,4.54092,6,1985
39,zandvoort,Circuit Park Zandvoort,Zandvoort,Netherlands,52.3888,4.54092,6,2020
39,zandvoort,Circuit Park Zandvoort,Zandvoort,Netherlands,52.3888,4.54092,6,2021
39,zandvoort,Circuit Park Zandvoort,Zandvoort,Netherlands,52.3888,4.54092,6,2022
39,zandvoort,Circuit Park Zandvoort,Zandvoort,Netherlands,52.3888,4.54092,6,2023
40,zolder,Zolder,Heusden-Zolder,Belgium,50.9894,5.25694,36,1973
40,zolder,Zolder,Heusden-Zolder,Belgium,50.9894,5.25694,36,1975
40,zolder,Zolder,Heusden-Zolder,Belgium,50.9894,5.25694,36,1976
40,zolder,Zolder,Heusden-Zolder,Belgium,50.9894,5.25694,36,1977
40,zolder,Zolder,Heusden-Zolder,Belgium,50.9894,5.25694,36,1978
40,zolder,Zolder,Heusden-Zolder,Belgium,50.9894,5.25694,36,1979
40,zolder,Zolder,Heusden-Zolder,Belgium,50.9894,5.25694,36,1980
40,zolder,Zolder,Heusden-Zolder,Belgium,50.9894,5.25694,36,1981
40,zolder,Zolder,Heusden-Zolder,Belgium,50.9894,5.25694,36,1982
40,zolder,Zolder,Heusden-Zolder,Belgium,50.9894,5.25694,36,1984
41,dijon,Dijon-Prenois,Dijon,France,47.3625,4.89913,484,1974
41,dijon,Dijon-Prenois,Dijon,France,47.3625,4.89913,484,1977
41,dijon,Dijon-Prenois,Dijon,France,47.3625,4.89913,484,1979
41,dijon,Dijon-Prenois,Dijon,France,47.3625,4.89913,484,1981
41,dijon,Dijon-Prenois,Dijon,France,47.3625,4.89913,484,1984
42,dallas,Fair Park,Dallas,USA,32.7774,-96.7587,139,1984
43,long_beach,Long Beach,California,USA,33.7651,-118.189,12,1976
43,long_beach,Long Beach,California,USA,33.7651,-118.189,12,1977
43,long_beach,Long Beach,California,USA,33.7651,-118.189,12,1978
43,long_beach,Long Beach,California,USA,33.7651,-118.189,12,1979
43,long_beach,Long Beach,California,USA,33.7651,-118.189,12,1980
43,long_beach,Long Beach,California,USA,33.7651,-118.189,12,1981
43,long_beach,Long Beach,California,USA,33.7651,-118.189,12,1982
43,long_beach,Long Beach,California,USA,33.7651,-118.189,12,1983
44,las_vegas,Las Vegas Street Circuit,Nevada,USA,36.1162,-115.174,639,1981
44,las_vegas,Las Vegas Street Circuit,Nevada,USA,36.1162,-115.174,639,1982
45,jarama,Jarama,Madrid,Spain,40.6171,-3.58558,609,1967
45,jarama,Jarama,Madrid,Spain,40.6171,-3.58558,609,1968
45,jarama,Jarama,Madrid,Spain,40.6171,-3.58558,609,1970
45,jarama,Jarama,Madrid,Spain,40.6171,-3.58558,609,1972
45,jarama,Jarama,Madrid,Spain,40.6171,-3.58558,609,1974
45,jarama,Jarama,Madrid,Spain,40.6171,-3.58558,609,1976
45,jarama,Jarama,Madrid,Spain,40.6171,-3.58558,609,1977
45,jarama,Jarama,Madrid,Spain,40.6171,-3.58558,609,1979
45,jarama,Jarama,Madrid,Spain,40.6171,-3.58558,609,1981
46,watkins_glen,Watkins Glen,New York State,USA,42.3369,-76.9272,485,1961
46,watkins_glen,Watkins Glen,New York State,USA,42.3369,-76.9272,485,1962
46,watkins_glen,Watkins Glen,New York State,USA,42.3369,-76.9272,485,1963
46,watkins_glen,Watkins Glen,New York State,USA,42.3369,-76.9272,485,1964
46,watkins_glen,Watkins Glen,New York State,USA,42.3369,-76.9272,485,1965
46,watkins_glen,Watkins Glen,New York State,USA,42.3369,-76.9272,485,1966
46,watkins_glen,Watkins Glen,New York State,USA,42.3369,-76.9272,485,1967
46,watkins_glen,Watkins Glen,New York State,USA,42.3369,-76.9272,485,1968
46,watkins_glen,Watkins Glen,New York State,USA,42.3369,-76.9272,485,1969
46,watkins_glen,Watkins Glen,New York State,USA,42.3369,-76.9272,485,1970
46,watkins_glen,Watkins Glen,New York State,USA,42.3369,-76.9272,485,1971
46,watkins_glen,Watkins Glen,New York State,USA,42.3369,-76.9272,485,1972
46,watkins_glen,Watkins Glen,New York State,USA,42.3369,-76.9272,485,1973
46,watkins_glen,Watkins Glen,New York State,USA,42.3369,-76.9272,485,1974
46,watkins_glen,Watkins Glen,New York State,USA,42.3369,-76.9272,485,1975
46,watkins_glen,Watkins Glen,New York State,USA,42.3369,-76.9272,485,1976
46,watkins_glen,Watkins Glen,New York State,USA,42.3369,-76.9272,485,1977
46,watkins_glen,Watkins Glen,New York State,USA,42.3369,-76.9272,485,1978
46,watkins_glen,Watkins Glen,New York State,USA,42.3369,-76.9272,485,1979
46,watkins_glen,Watkins Glen,New York State,USA,42.3369,-76.9272,485,1980
47,anderstorp,Scandinavian Raceway,Anderstorp,Sweden,57.2653,13.6042,153,1973
47,anderstorp,Scandinavian Raceway,Anderstorp,Sweden,57.2653,13.6042,153,1974
47,anderstorp,Scandinavian Raceway,Anderstorp,Sweden,57.2653,13.6042,153,1976
47,anderstorp,Scandinavian Raceway,Anderstorp,Sweden,57.2653,13.6042,153,1978
48,mosport,Mosport International Raceway,Ontario,Canada,44.0481,-78.6756,332,1967
48,mosport,Mosport International Raceway,Ontario,Canada,44.0481,-78.6756,332,1969
48,mosport,Mosport International Raceway,Ontario,Canada,44.0481,-78.6756,332,1971
48,mosport,Mosport International Raceway,Ontario,Canada,44.0481,-78.6756,332,1972
48,mosport,Mosport International Raceway,Ontario,Canada,44.0481,-78.6756,332,1973
48,mosport,Mosport International Raceway,Ontario,Canada,44.0481,-78.6756,332,1974
48,mosport,Mosport International Raceway,Ontario,Canada,44.0481,-78.6756,332,1976
48,mosport,Mosport International Raceway,Ontario,Canada,44.0481,-78.6756,332,1977
49,montjuic,Montjuïc,Barcelona,Spain,41.3664,2.15167,79,1969
49,montjuic,Montjuïc,Barcelona,Spain,41.3664,2.15167,79,1971
49,montjuic,Montjuïc,Barcelona,Spain,41.3664,2.15167,79,1973
49,montjuic,Montjuïc,Barcelona,Spain,41.3664,2.15167,79,1975
50,nivelles,Nivelles-Baulers,Brussels,Belgium,50.6211,4.32694,139,1972
50,nivelles,Nivelles-Baulers,Brussels,Belgium,50.6211,4.32694,139,1974
51,charade,Charade Circuit,Clermont-Ferrand,France,45.7472,3.03889,790,1965
51,charade,Charade Circuit,Clermont-Ferrand,France,45.7472,3.03889,790,1969
51,charade,Charade Circuit,Clermont-Ferrand,France,45.7472,3.03889,790,1970
51,charade,Charade Circuit,Clermont-Ferrand,France,45.7472,3.03889,790,1972
52,tremblant,Circuit Mont-Tremblant,Quebec,Canada,46.1877,-74.6099,214,1968
52,tremblant,Circuit Mont-Tremblant,Quebec,Canada,46.1877,-74.6099,214,1970
53,essarts,Rouen-Les-Essarts,Rouen,France,49.3306,1.00458,81,1952
53,essarts,Rouen-Les-Essarts,Rouen,France,49.3306,1.00458,81,1957
53,essarts,Rouen-Les-Essarts,Rouen,France,49.3306,1.00458,81,1962
53,essarts,Rouen-Les-Essarts,Rouen,France,49.3306,1.00458,81,1964
53,essarts,Rouen-Les-Essarts,Rouen,France,49.3306,1.00458,81,1968
55,reims,Reims-Gueux,Reims,France,49.2542,3.93083,88,1950
55,reims,Reims-Gueux,Reims,France,49.2542,3.93083,88,1951
55,reims,Reims-Gueux,Reims,France,49.2542,3.93083,88,1953
55,reims,Reims-Gueux,Reims,France,49.2542,3.93083,88,1954
55,reims,Reims-Gueux,Reims,France,49.2542,3.93083,88,1956
55,reims,Reims-Gueux,Reims,France,49.2542,3.93083,88,1958
55,reims,Reims-Gueux,Reims,France,49.2542,3.93083,88,1959
55,reims,Reims-Gueux,Reims,France,49.2542,3.93083,88,1960
55,reims,Reims-Gueux,Reims,France,49.2542,3.93083,88,1961
55,reims,Reims-Gueux,Reims,France,49.2542,3.93083,88,1963
55,reims,Reims-Gueux,Reims,France,49.2542,3.93083,88,1966
56,george,Prince George Circuit,Eastern Cape Province,South Africa,-33.0486,27.8736,15,1965
57,zeltweg,Zeltweg,Styria,Austria,47.2039,14.7478,676,1964
58,aintree,Aintree,Liverpool,UK,53.4769,-2.94056,20,1955
58,aintree,Aintree,Liverpool,UK,53.4769,-2.94056,20,1957
58,aintree,Aintree,Liverpool,UK,53.4769,-2.94056,20,1959
58,aintree,Aintree,Liverpool,UK,53.4769,-2.94056,20,1961
58,aintree,Aintree,Liverpool,UK,53.4769,-2.94056,20,1962
59,boavista,Circuito da Boavista,Oporto,Portugal,41.1705,-8.67325,28,1958
59,boavista,Circuito da Boavista,Oporto,Portugal,41.1705,-8.67325,28,1960
60,riverside,Riverside International Raceway,California,USA,33.937,-117.273,470,1960
61,avus,AVUS,Berlin,Germany,52.4806,13.2514,53,1959
62,monsanto,Monsanto Park Circuit,Lisbon,Portugal,38.7197,-9.20306,158,1959
63,sebring,Sebring International Raceway,Florida,USA,27.4547,-81.3483,18,1959
64,ain-diab,Ain Diab,Casablanca,Morocco,33.5786,-7.6875,19,1958
65,pescara,Pescara Circuit,Pescara,Italy,42.475,14.1508,129,1957
66,bremgarten,Circuit Bremgarten,Bern,Switzerland,46.9589,7.40194,551,1950
66,bremgarten,Circuit Bremgarten,Bern,Switzerland,46.9589,7.40194,551,1951
66,bremgarten,Circuit Bremgarten,Bern,Switzerland,46.9589,7.40194,551,1952
66,bremgarten,Circuit Bremgarten,Bern,Switzerland,46.9589,7.40194,551,1953
66,bremgarten,Circuit Bremgarten,Bern,Switzerland,46.9589,7.40194,551,1954
67,pedralbes,Circuit de Pedralbes,Barcelona,Spain,41.3903,2.11667,85,1951
67,pedralbes,Circuit de Pedralbes,Barcelona,Spain,41.3903,2.11667,85,1954
68,buddh,Buddh International Circuit,Uttar Pradesh,India,28.3487,77.5331,194,2011
68,buddh,Buddh International Circuit,Uttar Pradesh,India,28.3487,77.5331,194,2012
68,buddh,Buddh International Circuit,Uttar Pradesh,India,28.3487,77.5331,194,2013
69,americas,Circuit of the Americas,Austin,USA,30.1328,-97.6411,161,2012
69,americas,Circuit of the Americas,Austin,USA,30.1328,-97.6411,161,2013
69,americas,Circuit of the Americas,Austin,USA,30.1328,-97.6411,161,2014
69,americas,Circuit of the Americas,Austin,USA,30.1328,-97.6411,161,2015
69,americas,Circuit of the Americas,Austin,USA,30.1328,-97.6411,161,2016
69,americas,Circuit of the Americas,Austin,USA,30.1328,-97.6411,161,2017
69,americas,Circuit of the Americas,Austin,USA,30.1328,-97.6411,161,2018
69,americas,Circuit of the Americas,Austin,USA,30.1328,-97.6411,161,2019
69,americas,Circuit of the Americas,Austin,USA,30.1328,-97.6411,161,2021
69,americas,Circuit of the Americas,Austin,USA,30.1328,-97.6411,161,2022
69,americas,Circuit of the Americas,Austin,USA,30.1328,-97.6411,161,2023
70,red_bull_ring,Red Bull Ring,Spielberg,Austria,47.2197,14.7647,678,1970
70,red_bull_ring,Red Bull Ring,Spielberg,Austria,47.2197,14.7647,678,1971
70,red_bull_ring,Red Bull Ring,Spielberg,Austria,47.2197,14.7647,678,1972
70,red_bull_ring,Red Bull Ring,Spielberg,Austria,47.2197,14.7647,678,1973
70,red_bull_ring,Red Bull Ring,Spielberg,Austria,47.2197,14.7647,678,1974
70,red_bull_ring,Red Bull Ring,Spielberg,Austria,47.2197,14.7647,678,1975
70,red_bull_ring,Red Bull Ring,Spielberg,Austria,47.2197,14.7647,678,1976
70,red_bull_ring,Red Bull Ring,Spielberg,Austria,47.2197,14.7647,678,1977
70,red_bull_ring,Red Bull Ring,Spielberg,Austria,47.2197,14.7647,678,1978
70,red_bull_ring,Red Bull Ring,Spielberg,Austria,47.2197,14.7647,678,1979
70,red_bull_ring,Red Bull Ring,Spielberg,Austria,47.2197,14.7647,678,1980
70,red_bull_ring,Red Bull Ring,Spielberg,Austria,47.2197,14.7647,678,1981
70,red_bull_ring,Red Bull Ring,Spielberg,Austria,47.2197,14.7647,678,1982
70,red_bull_ring,Red Bull Ring,Spielberg,Austria,47.2197,14.7647,678,1983
70,red_bull_ring,Red Bull Ring,Spielberg,Austria,47.2197,14.7647,678,1984
70,red_bull_ring,Red Bull Ring,Spielberg,Austria,47.2197,14.7647,678,1985
70,red_bull_ring,Red Bull Ring,Spielberg,Austria,47.2197,14.7647,678,1986
70,red_bull_ring,Red Bull Ring,Spielberg,Austria,47.2197,14.7647,678,1987
70,red_bull_ring,Red Bull Ring,Spielberg,Austria,47.2197,14.7647,678,1997
70,red_bull_ring,Red Bull Ring,Spielberg,Austria,47.2197,14.7647,678,1998
70,red_bull_ring,Red Bull Ring,Spielberg,Austria,47.2197,14.7647,678,1999
70,red_bull_ring,Red Bull Ring,Spielberg,Austria,47.2197,14.7647,678,2000
70,red_bull_ring,Red Bull Ring,Spielberg,Austria,47.2197,14.7647,678,2001
70,red_bull_ring,Red Bull Ring,Spielberg,Austria,47.2197,14.7647,678,2002
70,red_bull_ring,Red Bull Ring,Spielberg,Austria,47.2197,14.7647,678,2003
70,red_bull_ring,Red Bull Ring,Spielberg,Austria,47.2197,14.7647,678,2014
70,red_bull_ring,Red Bull Ring,Spielberg,Austria,47.2197,14.7647,678,2015
70,red_bull_ring,Red Bull Ring,Spielberg,Austria,47.2197,14.7647,678,2016
70,red_bull_ring,Red Bull Ring,Spielberg,Austria,47.2197,14.7647,678,2017
70,red_bull_ring,Red Bull Ring,Spielberg,Austria,47.2197,14.7647,678,2018
70,red_bull_ring,Red Bull Ring,Spielberg,Austria,47.2197,14.7647,678,2019
70,red_bull_ring,Red Bull Ring,Spielberg,Austria,47.2197,14.7647,678,2020
70,red_bull_ring,Red Bull Ring,Spielberg,Austria,47.2197,14.7647,678,2021
70,red_bull_ring,Red Bull Ring,Spielberg,Austria,47.2197,14.7647,678,2022
70,red_bull_ring,Red Bull Ring,Spielberg,Austria,47.2197,14.7647,678,2023
71,sochi,Sochi Autodrom,Sochi,Russia,43.4057,39.9578,2,2014
71,sochi,Sochi Autodrom,Sochi,Russia,43.4057,39.9578,2,2015
71,sochi,Sochi Autodrom,Sochi,Russia,43.4057,39.9578,2,2016
71,sochi,Sochi Autodrom,Sochi,Russia,43.4057,39.9578,2,2017
71,sochi,Sochi Autodrom,Sochi,Russia,43.4057,39.9578,2,2018
71,sochi,Sochi Autodrom,Sochi,Russia,43.4057,39.9578,2,2019
71,sochi,Sochi Autodrom,Sochi,Russia,43.4057,39.9578,2,2020
71,sochi,Sochi Autodrom,Sochi,Russia,43.4057,39.9578,2,2021
73,baku,Baku City Circuit,Baku,Azerbaijan,40.3725,49.8533,-7,2016
73,baku,Baku City Circuit,Baku,Azerbaijan,40.3725,49.8533,-7,2017
73,baku,Baku City Circuit,Baku,Azerbaijan,40.3725,49.8533,-7,2018
73,baku,Baku City Circuit,Baku,Azerbaijan,40.3725,49.8533,-7,2019
73,baku,Baku City Circuit,Baku,Azerbaijan,40.3725,49.8533,-7,2021
73,baku,Baku City Circuit,Baku,Azerbaijan,40.3725,49.8533,-7,2022
73,baku,Baku City Circuit,Baku,Azerbaijan,40.3725,49.8533,-7,2023
75,portimao,Autódromo Internacional do Algarve,Portimão,Portugal,37.227,-8.6267,108,2020
75,portimao,Autódromo Internacional do Algarve,Portimão,Portugal,37.227,-8.6267,108,2021
76,mugello,Autodromo Internazionale del Mugello,Mugello,Italy,43.9975,11.3719,255,2020
77,jeddah,Jeddah Corniche Circuit,Jeddah,Saudi Arabia,21.6319,39.1044,15,2021
77,jeddah,Jeddah Corniche Circuit,Jeddah,Saudi Arabia,21.6319,39.1044,15,2022
77,jeddah,Jeddah Corniche Circuit,Jeddah,Saudi Arabia,21.6319,39.1044,15,2023
79,miami,Miami International Autodrome,Miami,USA,25.9581,-80.2389,\N,2022
79,miami,Miami International Autodrome,Miami,USA,25.9581,-80.2389,\N,2023